id,event,pick,timestamp,name,points,alternate,season,point_multiplier,fedex
1,"",,"2020-09-21 01:56:03.203590","",1.0,,2020,1,-1.0e-09
2,"U.S. Open","Louis Oosthuizen","2020-09-21 02:12:11.856176",smk,861457.0,,2020,1,-1.0e-09
3,"Corales Puntacana Resort & Club Championship","Bill Haas","2020-09-23 02:06:21.845548",smk,0.0,,2020,1,-1.0e-09
4,"Corales Puntacana Resort & Club Championship","Matthias Schwab","2020-09-24 13:37:04.151062",DK,9160.0,,2020,1,-1.0e-09
5,"Sanderson Farms Championship","Scottie Scheffler","2020-09-30 12:44:23.601924",smk,28710.0,,2020,1,-1.0e-09
6,"Sanderson Farms Championship","Sungjae Im","2020-09-30 19:30:37.371294",DK,46200.0,,2020,1,-1.0e-09
7,"Shriners Hospitals for Children Open","Bryson DeChambeau","2020-10-07 20:46:50.296378",smk,190750.0,,2020,1,-1.0e-09
8,"Shriners Hospitals for Children Open","Rickie Fowler","2020-10-08 16:07:45.246406",DK,0.0,,2020,1,-1.0e-09
10,"Shriners Hospitals for Children Open","Jason Day","2020-10-08 16:59:28.632758",lucas,0.0,,2020,1,-1.0e-09
11,"THE CJ CUP @ SHADOW CREEK","Brooks Koepka","2020-10-14 18:05:24.743023",smk,57135.0,,2020,1,-1.0e-09
12,"THE CJ CUP @ SHADOW CREEK","Rory McIlroy","2020-10-15 04:26:26.641220",DK,91956.0,,2020,1,-1.0e-09
13,"THE CJ CUP @ SHADOW CREEK","Patrick Cantlay","2020-10-15 04:32:01.407844",lucas,40560.0,,2020,1,-1.0e-09
14,"The ZOZO CHAMPIONSHIP","Justin Thomas","2020-10-20 23:55:35.945511",smk,704000.0,"Daniel Berger",2020,1,-1.0e-09
15,"The ZOZO CHAMPIONSHIP","Collin Morikawa","2020-10-22 02:25:20.072684",lucas,17560.0,"Bubba Watson",2020,1,-1.0e-09
16,"The ZOZO CHAMPIONSHIP","Jon Rahm","2020-10-22 15:25:56.844665",DK,704000.0,"Harry Higgs",2020,1,-1.0e-09
17,"Bermuda Championship","Arjun Atwal","2020-10-27 17:27:31.484006",Andrew,0.0,"Brian Stuard",2020,1,-1.0e-09
18,"Bermuda Championship","Emiliano Grillo","2020-10-27 18:28:11.993433",DK,21800.0,"Jason Dufner",2020,1,-1.0e-09
19,"Bermuda Championship","Wesley Bryan","2020-10-28 16:12:33.082236",smk,0.0,"Ricky Barnes",2020,1,-1.0e-09
20,"Bermuda Championship","Aaron Baddeley","2020-10-28 21:10:52.046598","Thomas Davidson-park",0.0,"Aaron Baddeley",2020,1,-1.0e-09
21,"Bermuda Championship","Will Zalatoris","2020-10-28 21:46:54.332854","Jamil Rousseau",61000.0,"Aaron Wise",2020,1,-1.0e-09
22,"Bermuda Championship","Harold Varner III","2020-10-28 23:57:47.276200",lucas,0.0,"Denny McCarthy",2020,1,-1.0e-09
23,"Bermuda Championship","Anirban Lahiri","2020-10-29 05:16:47.370239",Sohale,93000.0,"Doc Redman",2020,1,-1.0e-09
24,"Vivint Houston Open","Sergio Garcia","2020-11-03 20:53:09.991214",smk,0.0,"Tony Finau",2020,1,-1.0e-09
25,"Vivint Houston Open","Dustin Johnson","2020-11-04 21:36:46.014503",DK,0.0,"Corey Conners",2020,1,-1.0e-09
26,"Vivint Houston Open","Russell Henley","2020-11-05 06:33:34.660380",Sohale,0.0,"Cameron Davis",2020,1,-1.0e-09
27,"2020 Masters Tournament","Dustin Johnson","2020-11-11 13:25:03.982621",smk,0.0,"Tiger Woods",2020,1,-1.0e-09
28,"2020 Masters Tournament","Justin Thomas","2020-11-11 21:51:22.057713",DK,0.0,"Xander Schauffele",2020,1,-1.0e-09
29,"2020 Masters Tournament","Bubba Watson","2020-11-12 03:52:11.848857",lucas,0.0,"Adam Scott",2020,1,-1.0e-09
30,"2020 Masters Tournament","Tyrrell Hatton","2020-11-12 03:52:52.522611","Jamil Rousseau",0.0,"Billy Horschel",2020,1,-1.0e-09
31,"2020 Masters Tournament","Bryson DeChambeau","2020-11-12 06:30:05.148128",Sohale,0.0,"Brooks Koepka",2020,1,-1.0e-09
32,"Farmers Insurance Open","Will Zalatoris","2021-01-26 22:39:33.714435",smk,0.0,"Tony Finau",2021,1,-1.0e-09
33,"Farmers Insurance Open","Hideki Matsuyama","2021-01-26 23:40:02.885011","Chris Karu",17496.0,"Viktor Hovland",2021,1,-1.0e-09
34,"Farmers Insurance Open","Harris English","2021-01-26 23:57:17.364687",Derek,0.0,"Viktor Hovland",2021,1,-1.0e-09
35,"Farmers Insurance Open","Will Zalatoris","2021-01-27 00:19:54.612132",Gibber46,125625.0,"Jason Day",2021,1,-1.0e-09
36,"Farmers Insurance Open","Marc Leishman","2021-01-27 00:53:24.218059","Brady Irwin",80761.0,"Harris English",2021,1,-1.0e-09
37,"Farmers Insurance Open","Matthew Wolff","2021-01-27 02:35:49.056506","Nick’s Price is Right ",0.0,"Si Woo Kim",2021,1,-1.0e-09
38,"Farmers Insurance Open","Cameron Davis","2021-01-27 18:03:23.974101",Andrew,42825.0,"Adam Scott",2021,1,-1.0e-09
39,"Farmers Insurance Open","Harris English","2021-01-27 18:03:27.238534","Thomas Davidson-park",0.0,"Marc Leishman",2021,1,-1.0e-09
40,"Farmers Insurance Open","Jon Rahm","2021-01-27 18:07:13.668757",Marc,235625.0,"Jared du Toit",2021,1,-1.0e-09
41,"Farmers Insurance Open","Tony Finau","2021-01-27 18:09:03.817157",DK,42825.0,"Tony Finau",2021,1,-1.0e-09
42,"Farmers Insurance Open","Brooks Koepka","2021-01-27 22:05:27.010405",Backus,0.0,"Hideki Matsuyama",2021,1,-1.0e-09
43,"Farmers Insurance Open","Sungjae Im","2021-01-27 22:19:53.752183",lucas,42825.0,"Gary Woodland",2021,1,-1.0e-09
44,"Farmers Insurance Open","Matthew Wolff","2021-01-28 01:34:05.768728","Jamil Rousseau",0.0,"Harris English",2021,1,-1.0e-09
45,"Farmers Insurance Open","Jason Day","2021-01-28 06:07:47.215609",Sohale,0.0,"Tony Finau",2021,1,-1.0e-09
46,"Farmers Insurance Open","Si Woo Kim","2021-02-01 01:26:07.444954","Nick’s Price is Right ",0.0,"Si Woo Kim",2021,1,-1.0e-09
47,"Farmers Insurance Open","Harris English","2021-02-01 01:26:14.544910","Jamil Rousseau",0.0,"Harris English",2021,1,-1.0e-09
48,"WM Phoenix Open","Sam Burns","2021-02-02 18:49:08.471338",smk,649700.0,"Sebastian Munoz",2021,1,-1.0e-09
49,"WM Phoenix Open","Jon Rahm","2021-02-02 19:18:45.410313",Gibber46,138700.0,"Hideki Matsuyama",2021,1,-1.0e-09
50,"WM Phoenix Open","Jon Rahm","2021-02-02 20:00:43.335470",DK,138700.0,"Daniel Berger",2021,1,-1.0e-09
51,"WM Phoenix Open","Justin Thomas","2021-02-02 20:40:51.623263","Nick’s Price is Right ",138700.0,"Xander Schauffele",2021,1,-1.0e-09
52,"WM Phoenix Open","Hideki Matsuyama","2021-02-02 21:08:41.051629",Marc,23853.0,"Xander Schauffele",2021,1,-1.0e-09
53,"WM Phoenix Open","Hideki Matsuyama","2021-02-03 07:34:50.631289","Thomas Davidson-park",23853.0,"Ryan Palmer",2021,1,-1.0e-09
54,"WM Phoenix Open","Xander Schauffele","2021-02-03 16:08:34.052176","Chris Karu",649700.0,"Daniel Berger",2021,1,-1.0e-09
55,"WM Phoenix Open","Jon Rahm","2021-02-03 19:06:13.366732",lucas,138700.0,"Bubba Watson",2021,1,-1.0e-09
56,"WM Phoenix Open","Daniel Berger","2021-02-03 22:22:20.387701","Jamil Rousseau",0.0,"Sungjae Im",2021,1,-1.0e-09
57,"WM Phoenix Open","Daniel Berger","2021-02-03 22:32:50.881028",Backus,0.0,"Gary Woodland",2021,1,-1.0e-09
58,"WM Phoenix Open","Sungjae Im","2021-02-04 01:29:56.851351",Derek,104025.0,"Xander Schauffele",2021,1,-1.0e-09
59,"WM Phoenix Open","Jon Rahm","2021-02-04 03:29:42.244067","Brady Irwin",138700.0,"Justin Thomas",2021,1,-1.0e-09
60,"WM Phoenix Open","Daniel Berger","2021-02-04 06:19:14.879300",Andrew,0.0,"Hideki Matsuyama",2021,1,-1.0e-09
61,"WM Phoenix Open","Daniel Berger","2021-02-04 06:21:44.344642",Sohale,0.0,"Will Zalatoris",2021,1,-1.0e-09
62,"AT&T Pebble Beach Pro-Am","Patrick Cantlay","2021-02-09 21:37:12.440975","Nick’s Price is Right ",460200.0,"Will Zalatoris",2021,1,-1.0e-09
63,"AT&T Pebble Beach Pro-Am","Kevin Streelman","2021-02-09 23:52:33.641485","Chris Karu",165750.0,"Paul Casey",2021,1,-1.0e-09
64,"AT&T Pebble Beach Pro-Am","Daniel Berger","2021-02-10 14:01:52.870612",DK,1404000.0,"Jordan Spieth",2021,1,-1.0e-09
65,"AT&T Pebble Beach Pro-Am","Daniel Berger","2021-02-10 16:29:27.542607","Thomas Davidson-park",1404000.0,"Jason Day",2021,1,-1.0e-09
66,"AT&T Pebble Beach Pro-Am","Patrick Cantlay","2021-02-10 18:37:56.231043",Marc,460200.0,"Jordan Spieth",2021,1,-1.0e-09
67,"AT&T Pebble Beach Pro-Am","Jason Day","2021-02-10 21:33:52.939720",lucas,228930.0,"Phil Mickelson",2021,1,-1.0e-09
68,"AT&T Pebble Beach Pro-Am","Will Zalatoris","2021-02-10 22:03:31.631930","Brady Irwin",18096.0,"Phil Mickelson",2021,1,-1.0e-09
69,"AT&T Pebble Beach Pro-Am","Patrick Cantlay","2021-02-11 00:40:05.428836",smk,460200.0,"Paul Casey",2021,1,-1.0e-09
70,"AT&T Pebble Beach Pro-Am","Patrick Cantlay","2021-02-11 01:22:47.063897",Gibber46,460200.0,"Kevin Streelman",2021,1,-1.0e-09
71,"AT&T Pebble Beach Pro-Am","Paul Casey","2021-02-11 02:35:31.775235",Backus,301275.0,"Rickie Fowler",2021,1,-1.0e-09
72,"AT&T Pebble Beach Pro-Am","Phil Mickelson","2021-02-11 03:16:02.833853","Jamil Rousseau",0.0,"Cameron Davis",2021,1,-1.0e-09
73,"AT&T Pebble Beach Pro-Am","Jason Day","2021-02-11 04:54:24.737333",Derek,228930.0,"Patrick Cantlay",2021,1,-1.0e-09
74,"AT&T Pebble Beach Pro-Am","Cameron Tringale","2021-02-11 06:39:27.368071",Sohale,228930.0,"Cameron Davis",2021,1,-1.0e-09
75,"AT&T Pebble Beach Pro-Am","Patrick Cantlay","2021-02-11 16:58:27.176366",Andrew,460200.0,"Nick Taylor",2021,1,-1.0e-09
76,"The Genesis Invitational","Bryson DeChambeau","2021-02-16 21:30:44.226547","Thomas Davidson-park",0.0,"Adam Scott",2021,1,-1.0e-09
77,"The Genesis Invitational","Patrick Cantlay","2021-02-16 21:40:49.563119",DK,151125.0,"Jordan Spieth",2021,1,-1.0e-09
78,"The Genesis Invitational","Tony Finau","2021-02-16 22:26:16.052628",smk,1013700.0,"Branden Grace",2021,1,-1.0e-09
79,"The Genesis Invitational","Xander Schauffele","2021-02-17 15:45:16.684692",Marc,151125.0,"Dustin Johnson",2021,1,-1.0e-09
80,"The Genesis Invitational","Xander Schauffele","2021-02-17 23:14:43.996038",Gibber46,151125.0,"Adam Scott",2021,1,-1.0e-09
81,"The Genesis Invitational","Patrick Cantlay","2021-02-18 00:13:03.744289",Derek,151125.0,"Jon Rahm",2021,1,-1.0e-09
82,"The Genesis Invitational","Viktor Hovland","2021-02-18 00:40:23.462427",Backus,344100.0,"Bubba Watson",2021,1,-1.0e-09
83,"The Genesis Invitational","Scottie Scheffler","2021-02-18 02:30:37.317517",lucas,101835.0,"Abraham Ancer",2021,1,-1.0e-09
84,"The Genesis Invitational","Jon Rahm","2021-02-18 04:43:52.168699","Chris Karu",344100.0,"Tony Finau",2021,1,-1.0e-09
85,"The Genesis Invitational","Patrick Cantlay","2021-02-18 06:32:36.129362",Sohale,151125.0,"Joaquin Niemann",2021,1,-1.0e-09
86,"The Genesis Invitational","Viktor Hovland","2021-02-18 14:18:26.703362","Nick’s Price is Right ",344100.0,"Adam Hadwin",2021,1,-1.0e-09
87,"The Genesis Invitational","Patrick Cantlay","2021-02-18 14:24:47.772599","Brady Irwin",151125.0,"Justin Thomas",2021,1,-1.0e-09
88,"The Genesis Invitational","Abraham Ancer","2021-02-18 16:12:50.575410","Jamil Rousseau",0.0,"Xander Schauffele",2021,1,-1.0e-09
89,"WGC-Workday Championship at The Concession","Bryson DeChambeau","2021-02-24 01:07:00.492751","Nick’s Price is Right ",100833.0,"Joaquin Niemann",2021,1,-1.0e-09
90,"WGC-Workday Championship at The Concession","Xander Schauffele","2021-02-24 04:01:46.209409",DK,55000.0,"Tony Finau",2021,1,-1.0e-09
91,"WGC-Workday Championship at The Concession","Webb Simpson","2021-02-24 05:29:38.799320",lucas,320667.0,"Justin Thomas",2021,1,-1.0e-09
92,"WGC-Workday Championship at The Concession","Jon Rahm","2021-02-24 16:59:14.675939",smk,72000.0,"Louis Oosthuizen",2021,1,-1.0e-09
93,"WGC-Workday Championship at The Concession","Rory McIlroy","2021-02-24 18:14:24.301068","Thomas Davidson-park",320667.0,"Collin Morikawa",2021,1,-1.0e-09
94,"WGC-Workday Championship at The Concession","Tony Finau","2021-02-24 19:19:13.990609",Marc,165000.0,"Collin Morikawa",2021,1,-1.0e-09
95,"WGC-Workday Championship at The Concession","Viktor Hovland","2021-02-24 19:52:40.309444","Chris Karu",783333.0,"Bubba Watson",2021,1,-1.0e-09
96,"WGC-Workday Championship at The Concession","Webb Simpson","2021-02-24 22:12:07.078860","Jamil Rousseau",320667.0,"Jon Rahm",2021,1,-1.0e-09
97,"WGC-Workday Championship at The Concession","Dustin Johnson","2021-02-24 22:16:44.642891",Gibber46,38300.0,"Brooks Koepka",2021,1,-1.0e-09
98,"WGC-Workday Championship at The Concession","Webb Simpson","2021-02-24 22:40:23.008448",Backus,320667.0,"Patrick Cantlay",2021,1,-1.0e-09
99,"WGC-Workday Championship at The Concession","Dustin Johnson","2021-02-25 01:44:49.444177","Brady Irwin",38300.0,"Viktor Hovland",2021,1,-1.0e-09
100,"WGC-Workday Championship at The Concession","Sungjae Im","2021-02-25 02:45:37.030861",Andrew,82500.0,"Bubba Watson",2021,1,-1.0e-09
101,"WGC-Workday Championship at The Concession","Viktor Hovland","2021-02-25 03:10:08.322337",Derek,783333.0,"Xander Schauffele",2021,1,-1.0e-09
102,"WGC-Workday Championship at The Concession","Viktor Hovland","2021-02-25 06:44:45.870895",Sohale,783333.0,"Tyrrell Hatton",2021,1,-1.0e-09
103,"Arnold Palmer Invitational Pres. By Mastercard","Patrick Reed","2021-03-02 18:36:04.310950","Thomas Davidson-park",0.0,"Marc Leishman",2021,1,-1.0e-09
104,"Arnold Palmer Invitational Pres. By Mastercard","Patrick Reed","2021-03-02 20:58:15.658811","Nick’s Price is Right ",0.0,"Matthew Fitzpatrick",2021,1,-1.0e-09
105,"Arnold Palmer Invitational Pres. By Mastercard","Matthew Fitzpatrick","2021-03-02 21:27:44.218545",DK,195300.0,"Billy Horschel",2021,1,-1.0e-09
106,"Arnold Palmer Invitational Pres. By Mastercard","Rory McIlroy","2021-03-02 23:38:52.476349",Backus,195300.0,"Tyrrell Hatton",2021,1,-1.0e-09
107,"Arnold Palmer Invitational Pres. By Mastercard","Sungjae Im","2021-03-03 15:00:58.387660","Brady Irwin",97557.0,"Matthew Fitzpatrick",2021,1,-1.0e-09
108,"Arnold Palmer Invitational Pres. By Mastercard","Patrick Reed","2021-03-03 16:36:49.969953",smk,0.0,"Justin Rose",2021,1,-1.0e-09
109,"Arnold Palmer Invitational Pres. By Mastercard","Rory McIlroy","2021-03-03 16:41:23.681327",Marc,195300.0,"Patrick Reed",2021,1,-1.0e-09
110,"Arnold Palmer Invitational Pres. By Mastercard","Matthew Fitzpatrick","2021-03-03 16:48:48.938211",Andrew,195300.0,"Jordan Spieth",2021,1,-1.0e-09
111,"Arnold Palmer Invitational Pres. By Mastercard","Sungjae Im","2021-03-03 18:57:50.453265",Gibber46,97557.0,"Billy Horschel",2021,1,-1.0e-09
112,"Arnold Palmer Invitational Pres. By Mastercard","Matthew Fitzpatrick","2021-03-03 19:42:00.702166","Chris Karu",195300.0,"Will Zalatoris",2021,1,-1.0e-09
113,"Arnold Palmer Invitational Pres. By Mastercard","Patrick Reed","2021-03-03 23:25:37.714336",lucas,0.0,"Kevin Na",2021,1,-1.0e-09
114,"Arnold Palmer Invitational Pres. By Mastercard","Patrick Reed","2021-03-04 01:34:12.082110","Jamil Rousseau",0.0,"Tyrrell Hatton",2021,1,-1.0e-09
115,"Arnold Palmer Invitational Pres. By Mastercard","Patrick Reed","2021-03-04 06:33:27.343043",Sohale,0.0,"Matthew Fitzpatrick",2021,1,-1.0e-09
116,"THE PLAYERS Championship","Webb Simpson","2021-03-09 20:09:48.476494",Gibber46,0.0,"Collin Morikawa",2021,1,-1.0e-09
117,"THE PLAYERS Championship","Xander Schauffele","2021-03-09 20:14:21.574922","Thomas Davidson-park",0.0,"Sergio Garcia",2021,1,-1.0e-09
118,"THE PLAYERS Championship","Jordan Spieth","2021-03-09 21:00:44.238459","Nick’s Price is Right ",38036.0,"Gary Woodland",2021,1,-1.0e-09
119,"THE PLAYERS Championship","Rory McIlroy","2021-03-09 21:20:45.938820",DK,0.0,"Jordan Spieth",2021,1,-1.0e-09
120,"THE PLAYERS Championship","Xander Schauffele","2021-03-09 22:21:32.826390",Backus,0.0,"Dustin Johnson",2021,1,-1.0e-09
121,"THE PLAYERS Championship","Collin Morikawa","2021-03-09 22:29:28.784453",smk,53250.0,"Louis Oosthuizen",2021,1,-1.0e-09
122,"THE PLAYERS Championship","Dustin Johnson","2021-03-10 05:24:27.936746",Andrew,38036.0,"Viktor Hovland",2021,1,-1.0e-09
123,"THE PLAYERS Championship","Joaquin Niemann","2021-03-10 06:05:42.001573",lucas,96125.0,"Paul Casey",2021,1,-1.0e-09
124,"THE PLAYERS Championship","Justin Thomas","2021-03-10 17:19:38.984152","Chris Karu",2700000.0,"Collin Morikawa",2021,1,-1.0e-09
125,"THE PLAYERS Championship","Justin Thomas","2021-03-10 20:15:46.553177",Marc,2700000.0,"Jason Day",2021,1,-1.0e-09
126,"THE PLAYERS Championship","Jon Rahm","2021-03-10 21:30:33.468823","Jamil Rousseau",339375.0,"Dustin Johnson",2021,1,-1.0e-09
127,"THE PLAYERS Championship","Webb Simpson","2021-03-11 04:14:26.714221","Brady Irwin",0.0,"Xander Schauffele",2021,1,-1.0e-09
128,"THE PLAYERS Championship","Collin Morikawa","2021-03-11 05:42:36.893372",Derek,53250.0,"Xander Schauffele",2021,1,-1.0e-09
129,"THE PLAYERS Championship","Webb Simpson","2021-03-11 06:28:15.565561",Sohale,0.0,"Jon Rahm",2021,1,-1.0e-09
130,"The Honda Classic","Adam Scott","2021-03-16 17:18:09.610973","Thomas Davidson-park",125417.0,"Lee Westwood",2021,1,-1.0e-09
131,"The Honda Classic","Joaquin Niemann","2021-03-16 23:19:35.598634","Chris Karu",54950.0,"Talor Gooch",2021,1,-1.0e-09
132,"The Honda Classic","Shane Lowry","2021-03-17 02:59:05.767824","Nick’s Price is Right ",29785.0,"Adam Scott",2021,1,-1.0e-09
133,"The Honda Classic","Sungjae Im","2021-03-17 11:28:57.655415",smk,190750.0,"Zach Johnson",2021,1,-1.0e-09
134,"The Honda Classic","Nick Taylor","2021-03-17 12:29:40.542292",Gibber46,0.0,"Nick Taylor",2021,1,-1.0e-09
135,"The Honda Classic","Keegan Bradley","2021-03-17 14:49:54.799851",Marc,45850.0,"Sungjae Im",2021,1,-1.0e-09
136,"The Honda Classic","Joaquin Niemann","2021-03-17 17:23:05.342012",DK,54950.0,"Brendan Steele",2021,1,-1.0e-09
137,"The Honda Classic","Russell Henley","2021-03-17 21:33:34.508428",lucas,320600.0,"Adam Hadwin",2021,1,-1.0e-09
138,"The Honda Classic","Brendan Steele","2021-03-18 00:37:22.310527",Backus,320600.0,"Sungjae Im",2021,1,-1.0e-09
139,"The Honda Classic","Shane Lowry","2021-03-18 02:04:42.398306","Jamil Rousseau",29785.0,"Sungjae Im",2021,1,-1.0e-09
140,"The Honda Classic","Shane Lowry","2021-03-18 03:30:23.983275","Brady Irwin",29785.0,"Joaquin Niemann",2021,1,-1.0e-09
141,"The Honda Classic","Joaquin Niemann","2021-03-18 04:43:54.853325",Derek,54950.0,"Brendan Steele",2021,1,-1.0e-09
142,"The Honda Classic","Joaquin Niemann","2021-03-18 05:22:57.042827",Sohale,54950.0,"Sungjae Im",2021,1,-1.0e-09
143,"WGC Dell Technologies Match Play","Bryson DeChambeau","2021-03-23 13:28:20.059685",smk,47571.43,"Cameron Smith",2021,1,-1.0e-09
144,"WGC Dell Technologies Match Play","Will Zalatoris","2021-03-23 14:28:24.750042",Gibber46,75000.0,"Jason Day",2021,1,-1.0e-09
145,"WGC Dell Technologies Match Play","Paul Casey","2021-03-23 14:35:38.145793","Nick’s Price is Right ",75000.0,"Harris English",2021,1,-1.0e-09
146,"WGC Dell Technologies Match Play","Tyrrell Hatton","2021-03-23 15:12:59.263035","Thomas Davidson-park",38000.0,"Jason Day",2021,1,-1.0e-09
147,"WGC Dell Technologies Match Play","Patrick Reed","2021-03-23 15:22:29.566689",DK,75000.0,"Collin Morikawa",2021,1,-1.0e-09
148,"WGC Dell Technologies Match Play","Sungjae Im","2021-03-23 15:49:02.566148",Sohale,47571.43,"Rory McIlroy",2021,1,-1.0e-09
149,"WGC Dell Technologies Match Play","Viktor Hovland","2021-03-23 19:42:30.599072",lucas,47571.43,"Harris English",2021,1,-1.0e-09
150,"WGC Dell Technologies Match Play","Paul Casey","2021-03-23 21:05:13.182824",Marc,75000.0,"Corey Conners",2021,1,-1.0e-09
151,"WGC Dell Technologies Match Play","Patrick Reed","2021-03-23 23:34:15.661217",Backus,75000.0,"Bryson DeChambeau",2021,1,-1.0e-09
152,"WGC Dell Technologies Match Play","Patrick Reed","2021-03-24 04:30:39.221447",Derek,75000.0,"Jon Rahm",2021,1,-1.0e-09
153,"WGC Dell Technologies Match Play","Tony Finau","2021-03-24 04:36:12.509941","Jamil Rousseau",75000.0,"Billy Horschel",2021,1,-1.0e-09
154,"WGC Dell Technologies Match Play","Tony Finau","2021-03-24 05:22:23.731646","Chris Karu",75000.0,"Paul Casey",2021,1,-1.0e-09
155,"Valero Texas Open","Ryan Palmer","2021-03-30 16:53:41.145894",smk,105875.0,"Abraham Ancer",2021,1,-1.0e-09
156,"Valero Texas Open","Tony Finau","2021-03-30 17:10:51.005145",DK,0.0,"Jordan Spieth",2021,1,-1.0e-09
157,"Valero Texas Open","Scottie Scheffler","2021-03-30 17:20:19.569476",Marc,17941.0,"Matt Kuchar",2021,1,-1.0e-09
158,"Valero Texas Open","Abraham Ancer","2021-03-30 17:40:07.041605","Nick’s Price is Right ",65285.0,"Adam Hadwin",2021,1,-1.0e-09
159,"Valero Texas Open","Scottie Scheffler","2021-03-30 18:44:04.848075","Thomas Davidson-park",17941.0,"Abraham Ancer",2021,1,-1.0e-09
160,"Valero Texas Open","Corey Conners","2021-03-30 19:49:36.362549","Chris Karu",140525.0,"Jordan Spieth",2021,1,-1.0e-09
161,"Valero Texas Open","Corey Conners","2021-03-31 16:07:41.469986",Gibber46,140525.0,"Cameron Champ",2021,1,-1.0e-09
162,"Valero Texas Open","Tony Finau","2021-03-31 20:45:31.107814",Backus,0.0,"Jordan Spieth",2021,1,-1.0e-09
163,"Valero Texas Open","Tony Finau","2021-03-31 22:53:42.979207",lucas,0.0,"Aaron Wise",2021,1,-1.0e-09
164,"Valero Texas Open","Brendan Steele","2021-04-01 00:10:05.932913","Jamil Rousseau",14707.0,"Chris Kirk",2021,1,-1.0e-09
165,"Valero Texas Open","Corey Conners","2021-04-01 00:43:46.019556",Andrew,140525.0,"Abraham Ancer",2021,1,-1.0e-09
166,"Valero Texas Open","Jordan Spieth","2021-04-01 02:27:30.327182","Brady Irwin",1386000.0,"Corey Conners",2021,1,-1.0e-09
167,"Valero Texas Open","Jordan Spieth","2021-04-01 04:51:44.825297",Derek,1386000.0,"Scottie Scheffler",2021,1,-1.0e-09
168,"Valero Texas Open","Hideki Matsuyama","2021-04-01 05:37:58.622809",Sohale,49280.0,"Jordan Spieth",2021,1,-1.0e-09
169,"2021 Masters Tournament","Jordan Spieth","2021-04-06 15:28:54.670668",smk,667000.0,"Webb Simpson",2021,1,-1.0e-09
170,"2021 Masters Tournament","Jon Rahm","2021-04-06 16:24:35.546197","Nick’s Price is Right ",437000.0,"Dustin Johnson",2021,1,-1.0e-09
171,"2021 Masters Tournament","Justin Thomas","2021-04-06 16:28:35.170969",DK,119600.0,"Jordan Spieth",2021,1,-1.0e-09
172,"2021 Masters Tournament","Jordan Spieth","2021-04-06 16:44:23.701947",Marc,667000.0,"Jason Day",2021,1,-1.0e-09
173,"2021 Masters Tournament","Jon Rahm","2021-04-06 17:29:23.560843",Andrew,437000.0,"Sergio Garcia",2021,1,-1.0e-09
174,"2021 Masters Tournament","Dustin Johnson","2021-04-06 17:45:36.259217","Thomas Davidson-park",10000.0,"Cameron Smith",2021,1,-1.0e-09
175,"2021 Masters Tournament","Bryson DeChambeau","2021-04-06 22:03:07.997120",lucas,33503.0,"Jordan Spieth",2021,1,-1.0e-09
176,"2021 Masters Tournament","Cameron Smith","2021-04-06 23:00:19.426654",Backus,218500.0,"Bryson DeChambeau",2021,1,-1.0e-09
177,"2021 Masters Tournament","Jordan Spieth","2021-04-07 00:34:25.051307",Gibber46,667000.0,"Justin Thomas",2021,1,-1.0e-09
178,"2021 Masters Tournament","Jordan Spieth","2021-04-07 15:53:37.595840","Chris Karu",667000.0,"Abraham Ancer",2021,1,-1.0e-09
179,"2021 Masters Tournament","Justin Thomas","2021-04-08 00:10:38.164260","Brady Irwin",119600.0,"Collin Morikawa",2021,1,-1.0e-09
180,"2021 Masters Tournament","Justin Thomas","2021-04-08 00:19:20.177930","Jamil Rousseau",119600.0,"Bryson DeChambeau",2021,1,-1.0e-09
181,"2021 Masters Tournament","Dustin Johnson","2021-04-08 01:02:54.597973",Derek,10000.0,"Justin Thomas",2021,1,-1.0e-09
182,"2021 Masters Tournament","Jon Rahm","2021-04-08 05:17:26.652202",Sohale,437000.0,"Brooks Koepka",2021,1,-1.0e-09
183,"RBC Heritage","Corey Conners","2021-04-13 17:20:43.036426",DK,298792.0,"Will Zalatoris",2021,1,-1.0e-09
184,"RBC Heritage","Kevin Na","2021-04-13 17:22:47.208529","Thomas Davidson-park",0.0,"Abraham Ancer",2021,1,-1.0e-09
185,"RBC Heritage","Matt Fitzpatrick","2021-04-13 23:42:35.802718","Nick’s Price is Right ",298792.0,"Webb Simpson",2021,1,-1.0e-09
186,"RBC Heritage","Corey Conners","2021-04-14 04:02:57.226377",Marc,298792.0,"Will Zalatoris",2021,1,-1.0e-09
187,"RBC Heritage","Matt Fitzpatrick","2021-04-14 16:10:31.553867",smk,298792.0,"Kevin Na",2021,1,-1.0e-09
188,"RBC Heritage","Tyrrell Hatton","2021-04-14 19:21:19.418437",lucas,30885.0,"Collin Morikawa",2021,1,-1.0e-09
189,"RBC Heritage","Collin Morikawa","2021-04-14 20:05:21.433593",Backus,230750.0,"Mackenzie Hughes",2021,1,-1.0e-09
190,"RBC Heritage","Billy Horschel","2021-04-14 21:31:05.633812",Gibber46,52274.0,"Kevin Kisner",2021,1,-1.0e-09
191,"RBC Heritage","Dustin Johnson","2021-04-15 02:13:09.366003","Jamil Rousseau",130995.0,"Patrick Cantlay",2021,1,-1.0e-09
192,"RBC Heritage","Cameron Smith","2021-04-15 05:20:08.968044",Derek,186375.0,"Webb Simpson",2021,1,-1.0e-09
193,"RBC Heritage","Collin Morikawa","2021-04-15 05:23:50.353563",Sohale,230750.0,"Corey Conners",2021,1,-1.0e-09
194,"RBC Heritage","Webb Simpson","2021-04-15 14:36:09.412116","Chris Karu",186375.0,"Aaron Wise",2021,1,-1.0e-09
195,"Zurich Classic of New Orleans","Xander Schauffele","2021-04-21 13:46:56.288816","Nick’s Price is Right ",62943.0,"Scottie Scheffler",2021,1,-1.0e-09
196,"Zurich Classic of New Orleans","Marc Leishman","2021-04-21 14:56:57.429130","Thomas Davidson-park",1069300.0,"Akshay Bhatia",2021,1,-1.0e-09
197,"Zurich Classic of New Orleans","Marc Leishman","2021-04-21 15:13:09.399109",DK,1069300.0,"Ryan Palmer",2021,1,-1.0e-09
198,"Zurich Classic of New Orleans","Ryan Palmer","2021-04-21 16:02:17.033261",Andrew,149850.0,"Marc Leishman",2021,1,-1.0e-09
199,"Zurich Classic of New Orleans","Cameron Champ","2021-04-21 19:18:51.409898",Marc,37463.0,"C.T. Pan",2021,1,-1.0e-09
200,"Zurich Classic of New Orleans","Marc Leishman","2021-04-21 19:44:15.115773",Backus,1069300.0,"Billy Horschel",2021,1,-1.0e-09
201,"Zurich Classic of New Orleans","Patrick Cantlay","2021-04-21 20:09:27.190396","Chris Karu",62943.0,"Aaron Baddeley",2021,1,-1.0e-09
202,"Zurich Classic of New Orleans","Jason Kokrak","2021-04-21 20:17:45.531681",Gibber46,28120.0,"Keith Mitchell",2021,1,-1.0e-09
203,"Zurich Classic of New Orleans","Cameron Champ","2021-04-21 21:48:13.622248",smk,37463.0,"Bubba Watson",2021,1,-1.0e-09
204,"Zurich Classic of New Orleans","Cameron Champ","2021-04-21 23:45:00.460004",lucas,37463.0,"Bubba Watson",2021,1,-1.0e-09
205,"Zurich Classic of New Orleans","Marc Leishman","2021-04-21 23:45:26.436741","Jamil Rousseau",1069300.0,"Byeong Hun An",2021,1,-1.0e-09
206,"Zurich Classic of New Orleans","Henrik Stenson","2021-04-22 03:20:14.864286","Brady Irwin",62943.0,"Billy Horschel",2021,1,-1.0e-09
207,"Zurich Classic of New Orleans","Bubba Watson","2021-04-22 04:34:00.432846",Derek,116550.0,"Marc Leishman",2021,1,-1.0e-09
208,"Zurich Classic of New Orleans","Ryan Palmer","2021-04-22 05:30:43.318355",Sohale,149850.0,"Kris Ventura",2021,1,-1.0e-09
209,"Valspar Championship","Jason Kokrak","2021-04-27 19:58:43.539904","Nick’s Price is Right ",127305.0,"Corey Conners",2021,1,-1.0e-09
210,"Valspar Championship","Viktor Hovland","2021-04-27 23:04:02.962955","Thomas Davidson-park",407100.0,"Louis Oosthuizen",2021,1,-1.0e-09
211,"Valspar Championship","Scottie Scheffler","2021-04-28 04:41:20.230631",DK,40572.0,"Louis Oosthuizen",2021,1,-1.0e-09
212,"Valspar Championship","Viktor Hovland","2021-04-28 15:51:13.710767","Jamil Rousseau",407100.0,"Corey Conners",2021,1,-1.0e-09
213,"Valspar Championship","Patrick Reed","2021-04-28 16:25:30.383184",Marc,0.0,"Louis Oosthuizen",2021,1,-1.0e-09
214,"Valspar Championship","Abraham Ancer","2021-04-28 17:39:25.244244",Backus,282900.0,"Emiliano Grillo",2021,1,-1.0e-09
215,"Valspar Championship","Viktor Hovland","2021-04-28 21:00:08.763108",smk,407100.0,"Paul Casey",2021,1,-1.0e-09
216,"Valspar Championship","Corey Conners","2021-04-29 02:30:56.551620",lucas,65291.0,"Gary Woodland",2021,1,-1.0e-09
217,"Valspar Championship","Patrick Reed","2021-04-29 03:07:01.183445","Brady Irwin",0.0,"Corey Conners",2021,1,-1.0e-09
218,"Valspar Championship","Corey Conners","2021-04-29 05:23:28.964954",Derek,65291.0,"Jason Kokrak",2021,1,-1.0e-09
219,"Valspar Championship","Corey Conners","2021-04-29 05:35:53.146535",Sohale,65291.0,"Paul Casey",2021,1,-1.0e-09
220,"Valspar Championship","Abraham Ancer","2021-04-29 06:40:20.883652",Andrew,282900.0,"Jason Kokrak",2021,1,-1.0e-09
221,"Valspar Championship","Joaquin Niemann","2021-04-29 12:52:22.806138",Gibber46,201825.0,"Louis Oosthuizen",2021,1,-1.0e-09
222,"Wells Fargo Championship","Cameron Tringale","2021-05-04 19:43:32.860086","Thomas Davidson-park",0.0,"Cameron Tringale",2021,1,-1.0e-09
223,"Wells Fargo Championship","Tony Finau","2021-05-04 20:15:46.142185","Nick’s Price is Right ",0.0,"Webb Simpson",2021,1,-1.0e-09
224,"Wells Fargo Championship","Harold Varner III","2021-05-04 21:55:22.646876","Jamil Rousseau",0.0,"Will Zalatoris",2021,1,-1.0e-09
225,"Wells Fargo Championship","Abraham Ancer","2021-05-05 03:46:27.153301",DK,882900.0,"Abraham Ancer",2021,1,-1.0e-09
226,"Wells Fargo Championship","Will Zalatoris","2021-05-05 04:58:39.454473",Derek,0.0,"Abraham Ancer",2021,1,-1.0e-09
227,"Wells Fargo Championship","Abraham Ancer","2021-05-05 11:43:14.113335",Gibber46,882900.0,"Joel Dahmen",2021,1,-1.0e-09
228,"Wells Fargo Championship","Bryson DeChambeau","2021-05-05 18:01:16.629221","Chris Karu",228825.0,"Aaron Wise",2021,1,-1.0e-09
229,"Wells Fargo Championship","Viktor Hovland","2021-05-05 20:26:52.815444",Andrew,477900.0,"Justin Thomas",2021,1,-1.0e-09
230,"Wells Fargo Championship","Rory McIlroy","2021-05-05 22:08:24.456603",lucas,1458000.0,"Patrick Cantlay",2021,1,-1.0e-09
231,"Wells Fargo Championship","Viktor Hovland","2021-05-05 22:43:14.736818","Brady Irwin",477900.0,"Abraham Ancer",2021,1,-1.0e-09
232,"Wells Fargo Championship","Will Zalatoris","2021-05-05 23:24:04.380959",smk,0.0,"Webb Simpson",2021,1,-1.0e-09
233,"Wells Fargo Championship","Max Homa","2021-05-06 05:18:19.617449",Sohale,0.0,"Rory McIlroy",2021,1,-1.0e-09
234,"Wells Fargo Championship","Adam Hadwin","2021-05-06 17:21:56.785878",Backus,0.0,"Andrew Putnam",2021,1,-1.0e-09
235,"AT&T Byron Nelson","Matt Fitzpatrick","2021-05-11 18:56:39.473147","Thomas Davidson-park",0.0,"Jordan Spieth",2021,1,-1.0e-09
236,"AT&T Byron Nelson","Scottie Scheffler","2021-05-11 20:37:53.573060","Nick’s Price is Right ",20959.0,"Kristoffer Ventura",2021,1,-1.0e-09
237,"AT&T Byron Nelson","Marc Leishman","2021-05-11 21:28:31.195473",Marc,84969.0,"Danny Lee",2021,1,-1.0e-09
238,"AT&T Byron Nelson","Jordan Spieth","2021-05-11 21:49:45.220264",DK,212625.0,"Ryan Palmer",2021,1,-1.0e-09
239,"AT&T Byron Nelson","Scottie Scheffler","2021-05-11 22:08:02.431825","Chris Karu",20959.0,"Will Zalatoris",2021,1,-1.0e-09
240,"AT&T Byron Nelson","Bryson DeChambeau","2021-05-12 16:59:09.626721",Backus,18630.0,"Jon Rahm",2021,1,-1.0e-09
241,"AT&T Byron Nelson","Scottie Scheffler","2021-05-12 19:19:35.421603","Brady Irwin",20959.0,"Aaron Baddeley",2021,1,-1.0e-09
242,"AT&T Byron Nelson","Will Zalatoris","2021-05-12 21:19:26.441734",lucas,119475.0,"James Hahn",2021,0,-1.0e-09
243,"AT&T Byron Nelson","Daniel Berger","2021-05-12 21:32:37.149879",smk,395381.0,"Erik van Rooyen",2021,1,-1.0e-09
244,"AT&T Byron Nelson","Scottie Scheffler","2021-05-12 21:55:43.592223",Andrew,20959.0,"Brooks Koepka",2021,1,-1.0e-09
245,"AT&T Byron Nelson","Scottie Scheffler","2021-05-12 23:20:38.489569",Gibber46,20959.0,"Hideki Matsuyama",2021,1,-1.0e-09
246,"AT&T Byron Nelson","Scottie Scheffler","2021-05-13 02:29:36.814866","Jamil Rousseau",20959.0,"Jordan Spieth",2021,1,-1.0e-09
247,"AT&T Byron Nelson","Jon Rahm","2021-05-13 05:41:00.621034",Derek,42201.0,"Daniel Berger",2021,1,-1.0e-09
248,"AT&T Byron Nelson","Will Zalatoris","2021-05-13 05:44:35.907122",Sohale,119475.0,"Scottie Scheffler",2021,1,-1.0e-09
249,"PGA Championship","Daniel Berger","2021-05-18 15:32:48.664579","Nick’s Price is Right ",19050.0,"Rory McIlroy",2021,1,-1.0e-09
250,"PGA Championship","Bryson DeChambeau","2021-05-18 15:36:02.908407",Marc,42000.0,"Collin Morikawa",2021,1,-1.0e-09
251,"PGA Championship","Xander Schauffele","2021-05-18 16:05:16.665300","Jamil Rousseau",0.0,"Bryson DeChambeau",2021,1,-1.0e-09
252,"PGA Championship","Cameron Smith","2021-05-18 16:11:09.731319",DK,21400.0,"Tyrrell Hatton",2021,1,-1.0e-09
253,"PGA Championship","Jon Rahm","2021-05-18 17:50:14.707372","Thomas Davidson-park",263000.0,"Cameron Smith",2021,1,-1.0e-09
254,"PGA Championship","Jon Rahm","2021-05-18 17:56:05.745361",Backus,263000.0,"Justin Thomas",2021,1,-1.0e-09
255,"PGA Championship","Collin Morikawa","2021-05-18 20:48:19.737963","Chris Karu",263000.0,"Will Zalatoris",2021,1,-1.0e-09
256,"PGA Championship","Justin Thomas","2021-05-19 05:50:36.081842",Gibber46,0.0,"Bryson DeChambeau",2021,1,-1.0e-09
257,"PGA Championship","Rory McIlroy","2021-05-19 11:39:43.759331",smk,24950.0,"Louis Oosthuizen",2021,1,-1.0e-09
258,"PGA Championship","Xander Schauffele","2021-05-19 15:50:19.690469",Andrew,0.0,"Rory McIlroy",2021,1,-1.0e-09
259,"PGA Championship","Jordan Spieth","2021-05-19 17:42:50.465262",lucas,59750.0,"Cameron Smith",2021,1,-1.0e-09
260,"PGA Championship","Rory McIlroy","2021-05-20 03:12:24.663460","Brady Irwin",24950.0,"Cameron Smith",2021,1,-1.0e-09
261,"PGA Championship","Justin Thomas","2021-05-20 05:30:45.454655",Sohale,0.0,"Rory McIlroy",2021,1,-1.0e-09
262,"PGA Championship","Rory McIlroy","2021-05-20 05:35:53.696586",Derek,24950.0,"Daniel Berger",2021,1,-1.0e-09
263,"Charles Schwab Challenge","Corey Conners","2021-05-25 18:23:29.634526","Nick’s Price is Right ",68438.0,"Collin Morikawa",2021,1,-1.0e-09
264,"Charles Schwab Challenge","Will Zalatoris","2021-05-25 21:47:24.089077",DK,16875.0,"Collin Morikawa",2021,1,-1.0e-09
265,"Charles Schwab Challenge","Jordan Spieth","2021-05-25 21:47:48.766817","Thomas Davidson-park",817500.0,"Michael Visacki",2021,1,-1.0e-09
266,"Charles Schwab Challenge","Abraham Ancer","2021-05-25 22:14:17.368415","Chris Karu",125625.0,"Phil Mickelson",2021,1,-1.0e-09
267,"Charles Schwab Challenge","Jordan Spieth","2021-05-25 23:54:40.778374",Backus,817500.0,"Joaquin Niemann",2021,1,-1.0e-09
268,"Charles Schwab Challenge","Abraham Ancer","2021-05-26 16:43:55.007305",smk,125625.0,"Henrik Stenson",2021,1,-1.0e-09
269,"Charles Schwab Challenge","Joaquin Niemann","2021-05-27 03:05:53.350627","Brady Irwin",18325.0,"Abraham Ancer",2021,1,-1.0e-09
270,"Charles Schwab Challenge","Jordan Spieth","2021-05-27 04:43:08.480718","Jamil Rousseau",817500.0,"Corey Conners",2021,1,-1.0e-09
271,"Charles Schwab Challenge","Abraham Ancer","2021-05-27 05:08:55.313475",lucas,125625.0,"Brian Gay",2021,1,-1.0e-09
272,"Charles Schwab Challenge","Jordan Spieth","2021-05-27 05:21:17.347089",Sohale,817500.0,"Abraham Ancer",2021,1,-1.0e-09
273,"the Memorial Tournament pres. by Nationwide","Cameron Smith","2021-06-01 19:26:34.353924","Nick’s Price is Right ",0.0,"Hideki Matsuyama",2021,1,-1.0e-09
274,"the Memorial Tournament pres. by Nationwide","Viktor Hovland","2021-06-01 19:27:50.939998",DK,26009.0,"Louis Oosthuizen",2021,1,-1.0e-09
275,"the Memorial Tournament pres. by Nationwide","Cameron Smith","2021-06-01 19:28:09.853272",smk,0.0,"Corey Conners",2021,1,-1.0e-09
276,"the Memorial Tournament pres. by Nationwide","Cameron Smith","2021-06-01 19:35:12.346272","Thomas Davidson-park",0.0,"Louis Oosthuizen",2021,1,-1.0e-09
277,"the Memorial Tournament pres. by Nationwide","Collin Morikawa","2021-06-01 22:19:14.400578",Marc,1013700.0,"Adam Hadwin",2021,1,-1.0e-09
278,"the Memorial Tournament pres. by Nationwide","Keegan Bradley","2021-06-02 06:23:57.673712",Andrew,0.0,"Hideki Matsuyama",2021,1,-1.0e-09
279,"the Memorial Tournament pres. by Nationwide","Bryson DeChambeau","2021-06-02 11:16:35.575434",Gibber46,110670.0,"Bubba Watson",2021,1,-1.0e-09
280,"the Memorial Tournament pres. by Nationwide","Justin Thomas","2021-06-02 17:13:00.006495",Backus,33015.0,"Matt Fitzpatrick",2021,1,-1.0e-09
281,"the Memorial Tournament pres. by Nationwide","Patrick Reed","2021-06-02 21:44:34.902881","Chris Karu",381300.0,"Sungjae Im",2021,1,-1.0e-09
282,"the Memorial Tournament pres. by Nationwide","Hideki Matsuyama","2021-06-02 22:09:55.350656",lucas,20460.0,"Aaron Wise",2021,1,-1.0e-09
283,"the Memorial Tournament pres. by Nationwide","Collin Morikawa","2021-06-03 02:14:58.970477","Jamil Rousseau",1013700.0,"Corey Conners",2021,1,-1.0e-09
284,"the Memorial Tournament pres. by Nationwide","Hideki Matsuyama","2021-06-03 03:09:04.937128","Brady Irwin",20460.0,"Collin Morikawa",2021,1,-1.0e-09
285,"the Memorial Tournament pres. by Nationwide","Tony Finau","2021-06-03 05:38:56.752990",Sohale,53103.0,"Kevin Streelman",2021,1,-1.0e-09
286,"the Memorial Tournament pres. by Nationwide","Hideki Matsuyama","2021-06-03 06:02:26.914837",Derek,20460.0,"Bryson DeChambeau",2021,1,-1.0e-09
287,"Palmetto Championship at Congaree","Brandt Snedeker","2021-06-08 19:04:48.099731",DK,16279.0,"Tyrrell Hatton",2021,1,-1.0e-09
288,"Palmetto Championship at Congaree","Ian Poulter","2021-06-08 19:06:27.490803","Nick’s Price is Right ",56088.0,"Tyrrell Hatton",2021,1,-1.0e-09
289,"Palmetto Championship at Congaree","Sungjae Im","2021-06-08 19:38:41.708972","Thomas Davidson-park",33337.0,"Ian Poulter",2021,1,-1.0e-09
290,"Palmetto Championship at Congaree","Tyrrell Hatton","2021-06-09 00:07:27.280987","Chris Karu",411233.0,"Aaron Baddeley",2021,1,-1.0e-09
291,"Palmetto Championship at Congaree","Matt Fitzpatrick","2021-06-09 05:52:39.485556",Marc,177025.0,"Harris English",2021,1,-1.0e-09
292,"Palmetto Championship at Congaree","Harris English","2021-06-09 18:06:21.755248",lucas,125925.0,"Tommy Fleetwood",2021,1,-1.0e-09
293,"Palmetto Championship at Congaree","Tyrrell Hatton","2021-06-09 18:11:32.421014",smk,411233.0,"Tommy Fleetwood",2021,1,-1.0e-09
294,"Palmetto Championship at Congaree","Garrick Higgo","2021-06-09 20:08:52.162721",Gibber46,1314000.0,"Bryson Nimmer",2021,1,-1.0e-09
295,"Palmetto Championship at Congaree","Sungjae Im","2021-06-10 02:19:22.517437","Jamil Rousseau",33337.0,"Kevin Kisner",2021,1,-1.0e-09
296,"Palmetto Championship at Congaree","Tommy Fleetwood","2021-06-10 02:56:31.967287",Andrew,33337.0,"Alex Noren",2021,1,-1.0e-09
297,"Palmetto Championship at Congaree","Ian Poulter","2021-06-10 03:17:18.584448","Brady Irwin",56088.0,"Nick Taylor",2021,1,-1.0e-09
298,"Palmetto Championship at Congaree","Tyrrell Hatton","2021-06-10 05:21:14.315741",Sohale,411233.0,"Patton Kizzire",2021,1,-1.0e-09
299,"Palmetto Championship at Congaree","Brandt Snedeker","2021-06-10 05:48:58.933694",Derek,16279.0,"Ian Poulter",2021,1,-1.0e-09
300,"U.S. Open","Brooks Koepka","2021-06-15 15:49:04.269869","Nick’s Price is Right ",498176.0,"Dustin Johnson",2021,1,-1.0e-09
301,"U.S. Open","Dustin Johnson","2021-06-15 15:58:09.853528",smk,125363.0,"Garrick Higgo",2021,1,-1.0e-09
302,"U.S. Open","Brooks Koepka","2021-06-15 16:01:12.580254","Chris Karu",498176.0,"Adam Hadwin",2021,1,-1.0e-09
303,"U.S. Open","Patrick Cantlay","2021-06-15 16:36:38.117782",Backus,177279.0,"Dustin Johnson",2021,1,-1.0e-09
304,"U.S. Open","Collin Morikawa","2021-06-15 17:53:08.844400","Thomas Davidson-park",498176.0,"Branden Grace",2021,1,-1.0e-09
305,"U.S. Open","Collin Morikawa","2021-06-16 03:43:46.659504",Andrew,498176.0,"Bryson DeChambeau",2021,1,-1.0e-09
306,"U.S. Open","Brooks Koepka","2021-06-16 12:23:52.655065",Gibber46,498176.0,"Louis Oosthuizen",2021,1,-1.0e-09
307,"U.S. Open","Brooks Koepka","2021-06-16 13:21:50.117631",Marc,498176.0,"Louis Oosthuizen",2021,1,-1.0e-09
308,"U.S. Open","Rory McIlroy","2021-06-16 15:44:28.666581","Jamil Rousseau",306893.0,"Bryson DeChambeau",2021,1,-1.0e-09
309,"U.S. Open","Bryson DeChambeau","2021-06-16 16:54:55.697887",DK,87941.0,"Collin Morikawa",2021,1,-1.0e-09
310,"U.S. Open","Xander Schauffele","2021-06-16 17:46:58.527602",lucas,306893.0,"Patrick Cantlay",2021,1,-1.0e-09
311,"U.S. Open","Brooks Koepka","2021-06-17 04:19:27.593145","Brady Irwin",498176.0,"Collin Morikawa",2021,1,-1.0e-09
312,"U.S. Open","Brooks Koepka","2021-06-17 04:25:59.047384",Derek,498176.0,"Louis Oosthuizen",2021,1,-1.0e-09
313,"U.S. Open","Brooks Koepka","2021-06-17 05:21:27.762630",Sohale,498176.0,"Xander Schauffele",2021,1,-1.0e-09
314,"Travelers Championship","Paul Casey","2021-06-22 19:09:41.731012",Andrew,30744.0,"Joaquin Niemann",2021,1,-1.0e-09
315,"Travelers Championship","Paul Casey","2021-06-22 19:22:13.428353",lucas,30744.0,"Patrick Cantlay",2021,1,-1.0e-09
316,"Travelers Championship","Paul Casey","2021-06-22 20:39:56.883740",DK,30744.0,"Bubba Watson",2021,1,-1.0e-09
317,"Travelers Championship","Harris English","2021-06-22 21:48:56.712041","Nick’s Price is Right ",1332000.0,"Bubba Watson",2021,1,-1.0e-09
318,"Travelers Championship","Brian Harman","2021-06-23 05:29:04.567407","Thomas Davidson-park",253820.0,"Aaron Wise",2021,1,-1.0e-09
319,"Travelers Championship","Bubba Watson","2021-06-23 12:34:27.399395",Gibber46,87690.0,"Cameron Smith",2021,1,-1.0e-09
320,"Travelers Championship","Rickie Fowler","2021-06-23 15:08:58.778758",Marc,0.0,"Mackenzie Hughes",2021,1,-1.0e-09
321,"Travelers Championship","Scottie Scheffler","2021-06-23 19:56:22.526498",Backus,19377.0,"Brian Harman",2021,1,-1.0e-09
322,"Travelers Championship","Paul Casey","2021-06-23 20:48:55.161900","Chris Karu",30744.0,"Aaron Wise",2021,1,-1.0e-09
323,"Travelers Championship","Paul Casey","2021-06-24 00:24:33.052515",smk,30744.0,"Brian Harman",2021,1,-1.0e-09
324,"Travelers Championship","Paul Casey","2021-06-24 04:00:58.269822","Brady Irwin",30744.0,"Bubba Watson",2021,1,-1.0e-09
325,"Travelers Championship","Paul Casey","2021-06-24 05:05:56.040471","Jamil Rousseau",30744.0,"Brian Harman",2021,1,-1.0e-09
326,"Travelers Championship","Paul Casey","2021-06-24 05:28:19.314580",Sohale,30744.0,"Abraham Ancer",2021,1,-1.0e-09
327,"Travelers Championship","Max Homa","2021-06-24 14:09:21.867535",Derek,0.0,"Si Woo Kim",2021,1,-1.0e-09
328,"Rocket Mortgage Classic","Matthew Wolff","2021-06-29 17:59:48.838086",DK,16575.0,"Garrick Higgo",2021,1,-1.0e-09
329,"Rocket Mortgage Classic","Joaquin Niemann","2021-06-29 18:02:14.843862","Nick’s Price is Right ",667500.0,"Hideki Matsuyama",2021,1,-1.0e-09
330,"Rocket Mortgage Classic","Jason Kokrak","2021-06-29 18:02:32.876133",lucas,166875.0,"Bubba Watson",2021,1,-1.0e-09
331,"Rocket Mortgage Classic","Kevin Kisner","2021-06-29 19:06:58.426635",Marc,211875.0,"Jason Kokrak",2021,1,-1.0e-09
332,"Rocket Mortgage Classic","Jason Kokrak","2021-06-29 19:07:25.320469","Thomas Davidson-park",166875.0,"Bubba Watson",2021,1,-1.0e-09
333,"Rocket Mortgage Classic","Will Zalatoris","2021-06-29 19:59:30.612752","Chris Karu",14325.0,"Aaron Baddeley",2021,1,-1.0e-09
334,"Rocket Mortgage Classic","Will Zalatoris","2021-06-30 02:45:19.145963",Andrew,14325.0,"Jason Kokrak",2021,1,-1.0e-09
335,"Rocket Mortgage Classic","Hideki Matsuyama","2021-06-30 13:57:11.836466",smk,0.0,"Alex Noren",2021,1,-1.0e-09
336,"Rocket Mortgage Classic","Bryson DeChambeau","2021-06-30 14:26:37.439303","Jamil Rousseau",0.0,"Will Zalatoris",2021,1,-1.0e-09
337,"Rocket Mortgage Classic","Hideki Matsuyama","2021-07-01 01:15:07.769205",Gibber46,0.0,"Curtis Thompson",2021,1,-1.0e-09
338,"Rocket Mortgage Classic","Bryson DeChambeau","2021-07-01 05:36:39.149284",Sohale,0.0,"Bubba Watson",2021,1,-1.0e-09
339,"Rocket Mortgage Classic","Jason Kokrak","2021-07-01 05:42:31.734240",Derek,166875.0,"Harold Varner III",2021,1,-1.0e-09
340,"Rocket Mortgage Classic","Jason Kokrak","2021-07-01 14:44:06.179345","Brady Irwin",166875.0,"Bryson DeChambeau",2021,1,-1.0e-09
341,"Rocket Mortgage Classic","Alex Noren","2021-07-05 02:51:16.415522",smk,337500.0,"Alex Noren",2021,1,-1.0e-09
342,"Rocket Mortgage Classic","Curtis Thompson","2021-07-05 02:51:17.573652",Gibber46,81750.0,"Curtis Thompson",2021,1,-1.0e-09
343,"John Deere Classic","Ryan Moore","2021-07-07 03:10:50.757110",DK,551800.0,"Patton Kizzire",2021,1,-1.0e-09
344,"John Deere Classic","Alex Noren","2021-07-07 05:18:11.426628","Nick’s Price is Right ",0.0,"Brian Harman",2021,1,-1.0e-09
345,"John Deere Classic","Alex Noren","2021-07-07 06:26:18.234494","Thomas Davidson-park",0.0,"Steve Stricker",2021,1,-1.0e-09
346,"John Deere Classic","Russell Henley","2021-07-07 10:36:00.811512",smk,124664.0,"Kevin Na",2021,1,-1.0e-09
347,"John Deere Classic","Kevin Streelman","2021-07-07 17:22:16.151244",Gibber46,0.0,"Steve Stricker",2021,1,-1.0e-09
348,"John Deere Classic","Brian Harman","2021-07-07 17:29:44.011144",Backus,0.0,"C.T. Pan",2021,1,-1.0e-09
349,"John Deere Classic","Alex Noren","2021-07-07 17:47:03.367388","Chris Karu",0.0,"Brian Harman",2021,1,-1.0e-09
350,"John Deere Classic","Daniel Berger","2021-07-07 21:54:12.629478",lucas,30956.0,"Chez Reavie",2021,1,-1.0e-09
351,"John Deere Classic","Troy Merritt","2021-07-08 02:04:29.050943","Jamil Rousseau",0.0,"Aaron Wise",2021,1,-1.0e-09
352,"John Deere Classic","Russell Henley","2021-07-08 03:40:27.918496",Marc,124664.0,"Alex Noren",2021,1,-1.0e-09
353,"John Deere Classic","Daniel Berger","2021-07-08 05:32:17.979903",Derek,30956.0,"Kevin Na",2021,1,-1.0e-09
354,"John Deere Classic","Maverick McNealy","2021-07-08 05:36:57.188784",Sohale,82150.0,"Kevin Streelman",2021,1,-1.0e-09
355,"The Open Championship","Dustin Johnson","2021-07-13 15:27:45.661858","Nick’s Price is Right ",255250.0,"Marc Leishman",2021,1,-1.0e-09
356,"The Open Championship","Louis Oosthuizen","2021-07-13 15:28:59.635710",Gibber46,682500.0,"Tommy Fleetwood",2021,1,-1.0e-09
357,"The Open Championship","Brooks Koepka","2021-07-13 15:30:06.179694",DK,386500.0,"Tyrrell Hatton",2021,1,-1.0e-09
358,"The Open Championship","Louis Oosthuizen","2021-07-13 16:01:25.047706",Marc,682500.0,"Tommy Fleetwood",2021,1,-1.0e-09
359,"The Open Championship","Bryson DeChambeau","2021-07-13 16:54:41.545685",Andrew,60143.0,"Jordan Spieth",2021,1,-1.0e-09
360,"The Open Championship","Brooks Koepka","2021-07-13 20:19:59.853672",smk,386500.0,"Tommy Fleetwood",2021,1,-1.0e-09
361,"The Open Championship","Justin Thomas","2021-07-13 20:20:11.498422","Thomas Davidson-park",45417.0,"Brooks Koepka",2021,1,-1.0e-09
362,"The Open Championship","Louis Oosthuizen","2021-07-13 20:39:23.568558",lucas,682500.0,"Christiaan Bezuidenhout",2021,1,-1.0e-09
363,"The Open Championship","Min Woo Lee","2021-07-14 23:15:15.452391",Backus,0.0,"Adam Scott",2021,1,-1.0e-09
364,"The Open Championship","Tyrrell Hatton","2021-07-15 02:40:06.567444","Jamil Rousseau",0.0,"Alex Noren",2021,1,-1.0e-09
365,"The Open Championship","Louis Oosthuizen","2021-07-15 04:22:17.976013","Brady Irwin",682500.0,"Collin Morikawa",2021,1,-1.0e-09
366,"The Open Championship","Louis Oosthuizen","2021-07-15 04:25:18.081190",Sohale,682500.0,"Lucas Herbert",2021,1,-1.0e-09
367,"3M Open","Bubba Watson","2021-07-20 19:25:57.370227","Thomas Davidson-park",15774.0,"Louis Oosthuizen",2021,1,-1.0e-09
368,"3M Open","Bubba Watson","2021-07-21 00:50:39.649054","Nick’s Price is Right ",15774.0,"Lanto Griffin",2021,1,-1.0e-09
369,"3M Open","Louis Oosthuizen","2021-07-21 00:53:26.301563",DK,499400.0,"Dustin Johnson",2021,1,-1.0e-09
370,"3M Open","Matthew Wolff","2021-07-21 02:12:04.660026",smk,24116.0,"Sergio Garcia",2021,1,-1.0e-09
371,"3M Open","Luke List","2021-07-21 19:53:52.842720",Marc,14718.0,"Emiliano Grillo",2021,1,-1.0e-09
372,"3M Open","Dustin Johnson","2021-07-21 19:59:35.006291",lucas,0.0,"Sergio Garcia",2021,1,-1.0e-09
373,"3M Open","Dustin Johnson","2021-07-21 20:25:41.891736","Chris Karu",0.0,"Aaron Baddeley",2021,1,-1.0e-09
374,"3M Open","Tony Finau","2021-07-21 20:37:41.184608",Gibber46,44220.0,"Hank Lebioda",2021,1,-1.0e-09
375,"3M Open","J.T. Poston","2021-07-22 05:20:42.996838",Derek,44220.0,"Rickie Fowler",2021,1,-1.0e-09
376,"3M Open","Doug Ghim","2021-07-22 05:31:40.676298",Sohale,0.0,"Patton Kizzire",2021,1,-1.0e-09
377,"WGC-FedEx St. Jude Invitational","Louis Oosthuizen","2021-08-03 19:30:18.075727",smk,128000.0,"Justin Thomas",2021,1,-1.0e-09
378,"WGC-FedEx St. Jude Invitational","Dustin Johnson","2021-08-03 19:33:44.959063",DK,220000.0,"Cameron Champ",2021,1,-1.0e-09
379,"WGC-FedEx St. Jude Invitational","Daniel Berger","2021-08-03 20:45:45.599093",Marc,380667.0,"Viktor Hovland",2021,1,-1.0e-09
380,"WGC-FedEx St. Jude Invitational","Louis Oosthuizen","2021-08-03 21:52:23.070023","Nick’s Price is Right ",128000.0,"Webb Simpson",2021,1,-1.0e-09
381,"WGC-FedEx St. Jude Invitational","Xander Schauffele","2021-08-04 06:04:54.712820",Sohale,49000.0,"Scottie Scheffler",2021,1,-1.0e-09
382,"WGC-FedEx St. Jude Invitational","Brooks Koepka","2021-08-04 16:16:10.495494",Andrew,42000.0,"Hideki Matsuyama",2021,1,-1.0e-09
383,"WGC-FedEx St. Jude Invitational","Rory McIlroy","2021-08-04 16:34:37.337400","Chris Karu",186500.0,"Aaron Rai",2021,1,-1.0e-09
384,"WGC-FedEx St. Jude Invitational","Collin Morikawa","2021-08-04 18:53:51.599047",Gibber46,89000.0,"Max Homa",2021,1,-1.0e-09
385,"WGC-FedEx St. Jude Invitational","Brooks Koepka","2021-08-04 19:03:19.735277","Thomas Davidson-park",42000.0,"Aaron Rai",2021,1,-1.0e-09
386,"WGC-FedEx St. Jude Invitational","Patrick Cantlay","2021-08-05 02:19:10.050678",lucas,105000.0,"Justin Thomas",2021,1,-1.0e-09
387,"WGC-FedEx St. Jude Invitational","Brooks Koepka","2021-08-05 02:23:03.942993","Jamil Rousseau",42000.0,"Louis Oosthuizen",2021,1,-1.0e-09
388,"Wyndham Championship","Hideki Matsuyama","2021-08-10 17:04:47.570881","Nick’s Price is Right ",0.0,"Will Zalatoris",2021,1,-1.0e-09
389,"Wyndham Championship","Webb Simpson","2021-08-10 18:11:49.501616",DK,201067.0,"Hideki Matsuyama",2021,1,-1.0e-09
390,"Wyndham Championship","Si Woo Kim","2021-08-10 18:19:34.982284",Gibber46,389440.0,"Russell Henley",2021,1,-1.0e-09
391,"Wyndham Championship","Louis Oosthuizen","2021-08-10 18:51:30.745983",Backus,38000.0,"Aaron Baddeley",2021,1,-1.0e-09
392,"Wyndham Championship","Webb Simpson","2021-08-10 19:18:43.944083",Marc,201067.0,"Will Zalatoris",2021,1,-1.0e-09
393,"Wyndham Championship","Jason Kokrak","2021-08-11 11:21:27.356197",smk,0.0,"Kevin Na",2021,1,-1.0e-09
394,"Wyndham Championship","Jason Kokrak","2021-08-11 14:30:41.468022",Sohale,0.0,"Harold Varner III",2021,1,-1.0e-09
395,"Wyndham Championship","Hank Lebioda","2021-08-11 16:18:44.455891",lucas,0.0,"Rickie Fowler",2021,1,-1.0e-09
396,"Wyndham Championship","Kevin Kisner","2021-08-11 23:24:04.491175","Chris Karu",1152000.0,"Rickie Fowler",2021,1,-1.0e-09
397,"Wyndham Championship","Sung Kang","2021-08-12 01:10:08.569242",Andrew,91342.0,"Adam Hadwin",2021,1,-1.0e-09
398,"Wyndham Championship","Rickie Fowler","2021-08-12 16:20:35.084808","Thomas Davidson-park",0.0,"Aaron Wise",2021,1,-1.0e-09
399,"THE NORTHERN TRUST","Harris English","2021-08-17 16:57:53.087962",DK,48925.0,"Hideki Matsuyama",2021,1,-1.0e-09
400,"THE NORTHERN TRUST","Adam Scott","2021-08-17 16:57:57.755864","Chris Karu",0.0,"Aaron Wise",2021,1,-1.0e-09
401,"THE NORTHERN TRUST","Collin Morikawa","2021-08-17 21:30:28.631152","Nick’s Price is Right ",0.0,"Webb Simpson",2021,1,-1.0e-09
402,"THE NORTHERN TRUST","Justin Thomas","2021-08-17 23:49:06.337352",smk,399792.0,"Sergio Garcia",2021,1,-1.0e-09
403,"THE NORTHERN TRUST","Harris English","2021-08-18 14:11:10.940360",Marc,48925.0,"Abraham Ancer",2021,1,-1.0e-09
404,"THE NORTHERN TRUST","Collin Morikawa","2021-08-18 18:03:02.832406",lucas,0.0,"Justin Thomas",2021,1,-1.0e-09
405,"THE NORTHERN TRUST","Scottie Scheffler","2021-08-18 19:41:24.624848",Sohale,32775.0,"Rory McIlroy",2021,1,-1.0e-09
406,"THE NORTHERN TRUST","Abraham Ancer","2021-08-18 22:41:17.915110","Thomas Davidson-park",20140.0,"Branden Grace",2021,1,-1.0e-09
407,"BMW Championship","Scottie Scheffler","2021-08-24 17:53:12.588404",smk,95000.0,"Webb Simpson",2021,1,-1.0e-09
408,"BMW Championship","Rory McIlroy","2021-08-24 18:17:14.663846","Nick’s Price is Right ",456000.0,"Carlos Ortiz",2021,1,-1.0e-09
409,"BMW Championship","Cameron Smith","2021-08-24 18:38:18.016460",Marc,50113.0,"Erik van Rooyen",2021,1,-1.0e-09
410,"BMW Championship","Cameron Smith","2021-08-24 19:26:08.704945",Gibber46,50113.0,"Daniel Berger",2021,1,-1.0e-09
411,"BMW Championship","Collin Morikawa","2021-08-25 05:57:11.979003",DK,20140.0,"Hideki Matsuyama",2021,1,-1.0e-09
412,"BMW Championship","Dustin Johnson","2021-08-25 20:03:41.765960",Sohale,330125.0,"Abraham Ancer",2021,1,-1.0e-09
413,"BMW Championship","Matt Jones","2021-08-25 21:52:30.521579",lucas,38000.0,"Harry Higgs",2021,1,-1.0e-09
414,"BMW Championship","Cameron Champ","2021-08-26 01:16:47.333951","Chris Karu",19475.0,"Aaron Wise",2021,1,-1.0e-09
415,"BMW Championship","Mackenzie Hughes","2021-08-26 02:51:50.381371",Backus,22154.0,"Aaron Wise",2021,1,-1.0e-09
416,"BMW Championship","Patrick Cantlay","2021-08-26 03:08:25.623028","Thomas Davidson-park",1710000.0,"Webb Simpson",2021,1,-1.0e-09
417,"BMW Championship","Hideki Matsuyama","2021-08-26 09:33:54.470603","Jamil Rousseau",28500.0,"Cameron Smith",2021,1,-1.0e-09
418,"TOUR Championship","Sam Burns","2021-09-02 15:08:49.298310","Nick’s Price is Right ",0.0,"Sungjae Im",2021,1,-1.0e-09
419,"TOUR Championship","Sam Burns","2021-09-02 15:11:37.768357",DK,0.0,"Hideki Matsuyama",2021,1,-1.0e-09
420,"Sentry Tournament of Champions","Seamus Power","2022-01-05 21:22:54.761107",smk,0.0,"Daniel Berger",2000,0,-1.0e-09
421,"Sentry Tournament of Champions","Collin Morikawa","2022-01-06 16:04:09.431648",DK,0.0,"Justin Thomas",2000,0,-1.0e-09
422,"Sentry Tournament of Champions","Cameron Smith","2022-01-06 20:04:25.930108","Thomas Davidson-park",0.0,"Marc Leishman",2000,2,-1.0e-09
423,"Sentry Tournament of Champions","Cameron Smith","2022-01-07 20:28:26.899798",smk,0.0,"Abraham Ancer",2000,1,-1.0e-09
424,"Sentry Tournament of Champions","Justin Thomas","2022-01-07 21:30:35.561262",DK,0.0,"Justin Thomas",2000,1,-1.0e-09
425,"Sony Open in Hawaii","Hideki Matsuyama","2022-01-12 20:35:18.678908",DK,0.0,"Marc Leishman",2000,1,-1.0e-09
426,"Sony Open in Hawaii","Adam Svensson","2022-01-13 13:16:09.867474",smk,0.0,"Beau Hossler",2000,1,-1.0e-09
427,"The American Express","Jon Rahm","2022-01-19 22:35:30.409116",DK,445200.0,"Matthew Wolff",2000,1,-1.0e-09
428,"The American Express","Brandt Snedeker","2022-01-19 22:38:41.318641",lucas,0.0,"Jason Day",2000,1,-1.0e-09
429,"The American Express","Will Zalatoris","2022-01-19 22:52:58.263976",smk,915600.0,"Aaron Rai",2000,1,-1.0e-09
430,"The American Express","Jason Day","2022-01-20 15:18:50.136386","Thomas Davidson-park",0.0,"Rickie Fowler",2000,0,-1.0e-09
431,"The American Express","Patrick Cantlay","2022-01-21 17:21:20.346852",DK,391500.0,"Aaron Rai",2000,1,122.0
432,"The American Express","Aaron Rai","2022-01-21 17:31:16.498611","Thomas Davidson-park",265020.0,"Aaron Rai",2000,1,-1.0e-09
433,"The American Express","Rickie Fowler","2022-01-21 17:31:50.206325","Thomas Davidson-park",0.0,"Rickie Fowler",2000,1,-1.0e-09
434,"Farmers Insurance Open","Tony Finau","2022-01-25 17:56:29.650013",DK,0.0,"Jon Rahm",2022,0,0.0
435,"Farmers Insurance Open","Xander Schauffele","2022-01-25 18:07:13.966324","Nick’s Price is Right ",43764.0,"Sam Burns",2022,1,20.0
436,"Farmers Insurance Open","Marc Leishman","2022-01-25 20:15:41.894367","Thomas Davidson-park",132300.0,"Cameron Tringale",2022,1,50.0
437,"Farmers Insurance Open","Will Zalatoris","2022-01-25 23:48:30.439784",Gibber46,915600.0,"Jon Rahm",2022,1,300.0
438,"Farmers Insurance Open","Marc Leishman","2022-01-26 00:20:28.141936",Backus,132300.0,"Sam Burns",2022,1,50.0
439,"Farmers Insurance Open","Daniel Berger","2022-01-26 05:18:47.896615",Derek,95508.0,"Will Zalatoris",2022,1,41.0
440,"Farmers Insurance Open","Tony Finau","2022-01-26 06:35:13.402962",Sohale,0.0,"Will Zalatoris",2022,1,0.0
441,"Farmers Insurance Open","Daniel Berger","2022-01-26 06:46:57.689404",lucas,95508.0,"Max Homa",2022,1,41.0
442,"Farmers Insurance Open","Will Zalatoris","2022-01-26 13:17:36.709355",smk,915600.0,"Emiliano Grillo",2022,1,300.0
443,"Farmers Insurance Open","Tony Finau","2022-01-26 14:12:47.779868","Jamil Rousseau",0.0,"Maverick McNealy",2022,1,0.0
444,"Farmers Insurance Open","Talor Gooch","2022-01-26 15:46:19.201896",Andrew,95508.0,"Corey Conners",2022,1,41.0
445,"Farmers Insurance Open","Marc Leishman","2022-01-26 16:09:50.901410","Brady Irwin",132300.0,"Jon Rahm",2022,1,50.0
446,"Farmers Insurance Open","Ryan Palmer","2022-01-26 16:52:57.215639","Uncle Ricky ",132300.0,"Will Zalatoris",2022,1,50.0
447,"Farmers Insurance Open","Cameron Champ","2022-01-26 17:02:24.227108","Chris Karu",22008.0,"Bill Haas",2022,1,8.0
448,"Farmers Insurance Open","Jon Rahm","2022-01-28 05:12:02.947244",DK,445200.0,"Jon Rahm",2022,1,145.0
449,"AT&T Pebble Beach Pro-Am","Pat Perez","2022-02-02 13:16:21.414353",smk,237075.0,"Pat Perez",2022,1,75.0
450,"AT&T Pebble Beach Pro-Am","Patrick Cantlay","2022-02-02 15:38:37.227424",Gibber46,391500.0,"Stewart Cink",2022,1,122.0
451,"AT&T Pebble Beach Pro-Am","Justin Rose","2022-02-02 16:27:17.053633","Nick’s Price is Right ",19227.0,"Jason Day",2022,1,5.0
452,"AT&T Pebble Beach Pro-Am","Maverick McNealy","2022-02-02 16:56:46.516862","Chris Karu",43548.0,"Cameron Tringale",2022,1,19.0
453,"AT&T Pebble Beach Pro-Am","Keith Mitchell","2022-02-02 17:49:07.599859",DK,193575.0,"Jordan Spieth",2022,1,62.0
454,"AT&T Pebble Beach Pro-Am","Jason Day","2022-02-02 22:07:24.836727",Derek,74603.0,"Patrick Cantlay",2022,1,35.0
455,"AT&T Pebble Beach Pro-Am","Justin Rose","2022-02-02 23:57:07.621529",Andrew,19227.0,"Seamus Power",2022,1,5.0
456,"AT&T Pebble Beach Pro-Am","Patrick Cantlay","2022-02-03 03:09:50.723707","Thomas Davidson-park",391500.0,"Cameron Tringale",2022,1,122.0
457,"AT&T Pebble Beach Pro-Am","Kevin Streelman","2022-02-03 03:32:44.679037","Jamil Rousseau",0.0,"Kevin Kisner",2022,1,0.0
458,"AT&T Pebble Beach Pro-Am","Matt Fitzpatrick","2022-02-03 04:18:31.783688",Backus,293625.0,"Justin Rose",2022,1,92.0
459,"AT&T Pebble Beach Pro-Am","Patrick Cantlay","2022-02-03 06:03:54.826318",lucas,391500.0,"Aaron Rai",2022,1,122.0
460,"AT&T Pebble Beach Pro-Am","Patrick Cantlay","2022-02-03 06:18:47.222115",Sohale,391500.0,"Kevin Streelman",2022,1,122.0
461,"AT&T Pebble Beach Pro-Am","Justin Rose","2022-02-03 10:59:03.482322","Uncle Ricky ",19227.0,"Christiaan Bezuidenhout",2022,1,5.0
462,"WM Phoenix Open","Jordan Spieth","2022-02-08 22:35:25.938051","Nick’s Price is Right ",18368.0,"Justin Thomas",2022,1,5.0
463,"WM Phoenix Open","Sam Burns","2022-02-08 22:48:14.749150",smk,0.0,"Sam Burns",2022,1,3.0
464,"WM Phoenix Open","Scottie Scheffler","2022-02-08 23:19:37.967079","Chris Karu",1476000.0,"Sam Burns",2022,1,500.0
465,"WM Phoenix Open","Daniel Berger","2022-02-08 23:24:24.774653",Backus,0.0,"Webb Simpson",2022,1,0.0
466,"WM Phoenix Open","Jordan Spieth","2022-02-09 00:09:31.418381","Thomas Davidson-park",18368.0,"Billy Horschel",2022,1,5.0
467,"WM Phoenix Open","Justin Thomas","2022-02-09 02:23:48.741196",Derek,248050.0,"Viktor Hovland",2022,1,82.0
468,"WM Phoenix Open","Justin Thomas","2022-02-09 03:51:47.422661","Brady Irwin",248050.0,"Jon Rahm",2022,1,82.0
469,"WM Phoenix Open","Jon Rahm","2022-02-09 04:24:05.830499",Gibber46,198850.0,"Justin Thomas",2022,1,68.0
470,"WM Phoenix Open","Bubba Watson","2022-02-09 20:11:46.347302",lucas,133250.0,"Rickie Fowler",2022,1,51.0
471,"WM Phoenix Open","Jordan Spieth","2022-02-09 20:41:01.971560",DK,18368.0,"Abraham Ancer",2022,1,5.0
472,"WM Phoenix Open","Jordan Spieth","2022-02-09 22:05:52.761437","Jamil Rousseau",18368.0,"Jon Rahm",2022,1,5.0
473,"WM Phoenix Open","Hideki Matsuyama","2022-02-09 23:08:19.813918",Andrew,248050.0,"Viktor Hovland",2022,1,82.0
474,"WM Phoenix Open","Scottie Scheffler","2022-02-10 06:55:51.852639",Sohale,1476000.0,"Bubba Watson",2022,1,500.0
475,"WM Phoenix Open","Hideki Matsuyama","2022-02-10 16:22:49.908279","Uncle Ricky ",248050.0,"Billy Horschel",2022,1,82.0
476,"The Genesis Invitational","Hideki Matsuyama","2022-02-16 18:42:21.157672",DK,45000.0,"Max Homa",2022,1,13.0
477,"The Genesis Invitational","Cameron Smith","2022-02-16 18:46:58.386802",smk,64000.0,"Patrick Cantlay",2022,1,21.0
478,"The Genesis Invitational","Cameron Smith","2022-02-16 18:58:03.498562",Backus,64000.0,"Jon Rahm",2022,1,21.0
479,"The Genesis Invitational","Sungjae Im","2022-02-16 19:16:28.213980","Chris Karu",64000.0,"Sungjae Im",2022,1,21.0
480,"The Genesis Invitational","Xander Schauffele","2022-02-16 20:09:49.327486",Gibber46,243000.0,"Rory McIlroy",2022,1,58.0
481,"The Genesis Invitational","Xander Schauffele","2022-02-16 20:15:32.151910",Andrew,243000.0,"Will Zalatoris",2022,1,58.0
482,"The Genesis Invitational","Adam Scott","2022-02-16 22:15:04.224706",lucas,540000.0,"Tony Finau",2022,1,122.0
483,"The Genesis Invitational","Dustin Johnson","2022-02-17 02:12:56.005811","Nick’s Price is Right ",0.0,"Dustin Johnson",2022,1,0.0
484,"The Genesis Invitational","Xander Schauffele","2022-02-17 03:50:00.952619","Brady Irwin",243000.0,"Patrick Cantlay",2022,1,58.0
485,"The Genesis Invitational","Patrick Cantlay","2022-02-17 04:21:41.071831",Derek,64000.0,"Dustin Johnson",2022,1,21.0
486,"The Genesis Invitational","Cameron Smith","2022-02-17 06:19:17.128510",Sohale,64000.0,"Xander Schauffele",2022,1,21.0
487,"The Genesis Invitational","Hideki Matsuyama","2022-02-17 06:37:33.217057","Thomas Davidson-park",45000.0,"Abraham Ancer",2022,1,13.0
488,"The Genesis Invitational","Rory McIlroy","2022-02-17 16:25:38.808822","Jamil Rousseau",303000.0,"Corey Conners",2022,1,70.0
489,"The Honda Classic","Brooks Koepka","2022-02-22 21:26:03.488034","Thomas Davidson-park",106533.0,"Sungjae Im",2022,1,45.0
490,"The Honda Classic","C.T. Pan","2022-02-23 02:58:17.214580","Nick’s Price is Right ",106533.0,"Billy Horschel",2022,1,45.0
491,"The Honda Classic","Sungjae Im","2022-02-23 03:38:38.114609",DK,0.0,"Joaquin Niemann",2022,1,0.0
492,"The Honda Classic","Sungjae Im","2022-02-23 03:42:33.502503",Gibber46,0.0,"Taylor Pendrith",2022,0,0.0
493,"The Honda Classic","Brooks Koepka","2022-02-23 03:47:30.189979",Backus,106533.0,"Louis Oosthuizen",2022,1,45.0
494,"The Honda Classic","Billy Horschel","2022-02-23 15:13:00.226086",lucas,106533.0,"Brooks Koepka",2022,1,45.0
495,"The Honda Classic","Daniel Berger","2022-02-23 16:07:38.061619","Jamil Rousseau",784000.0,"Mackenzie Hughes",2022,2,135.0
496,"The Honda Classic","Tommy Fleetwood","2022-02-23 18:06:49.832236","Chris Karu",0.0,"Keith Mitchell",2022,1,0.0
497,"The Honda Classic","Brooks Koepka","2022-02-23 22:10:16.026544",smk,106533.0,"Louis Oosthuizen",2022,1,45.0
498,"The Honda Classic","Sungjae Im","2022-02-23 22:31:24.649865",Andrew,0.0,"Louis Oosthuizen",2022,1,0.0
499,"The Honda Classic","Mackenzie Hughes","2022-02-24 04:09:03.931675","Brady Irwin",20286.0,"Billy Horschel",2022,1,8.0
500,"The Honda Classic","Billy Horschel","2022-02-24 05:27:52.614003",Derek,106533.0,"C.T. Pan",2022,1,45.0
501,"The Honda Classic","Billy Horschel","2022-02-24 06:34:26.352908","Uncle Ricky ",106533.0,"Sungjae Im",2022,1,45.0
502,"The Honda Classic","Billy Horschel","2022-02-24 06:42:44.728216",Sohale,106533.0,"Jhonattan Vegas",2022,1,45.0
503,"The Honda Classic","Taylor Pendrith","2022-02-25 17:45:14.221658",Gibber46,62800.0,"Taylor Pendrith",2022,1,32.0
504,"Arnold Palmer Invitational pres. by Mastercard","Rory McIlroy","2022-03-01 20:32:27.912343",smk,228000.0,"Marc Leishman",2022,1,61.0
505,"Arnold Palmer Invitational pres. by Mastercard","Viktor Hovland","2022-03-01 21:30:10.467907","Thomas Davidson-park",1816000.0,"Viktor Hovland",2022,2,218.0
506,"Arnold Palmer Invitational pres. by Mastercard","Marc Leishman","2022-03-01 21:44:17.438280",DK,24720.0,"Cam Davis",2022,1,4.0
507,"Arnold Palmer Invitational pres. by Mastercard","Rory McIlroy","2022-03-01 21:50:35.162680",Gibber46,456000.0,"Adam Scott",2022,2,61.0
508,"Arnold Palmer Invitational pres. by Mastercard","Rory McIlroy","2022-03-01 21:53:58.658830","Chris Karu",228000.0,"Max Homa",2022,1,61.0
509,"Arnold Palmer Invitational pres. by Mastercard","Scottie Scheffler","2022-03-01 22:34:12.816584","Nick’s Price is Right ",2160000.0,"Rory McIlroy",2022,1,550.0
510,"Arnold Palmer Invitational pres. by Mastercard","Matt Fitzpatrick","2022-03-01 22:55:07.053285",lucas,339000.0,"Marc Leishman",2022,1,80.0
511,"Arnold Palmer Invitational pres. by Mastercard","Rory McIlroy","2022-03-02 00:05:44.110398",Backus,228000.0,"Corey Conners",2022,1,61.0
512,"Arnold Palmer Invitational pres. by Mastercard","Will Zalatoris","2022-03-02 14:14:47.458777","Jamil Rousseau",53400.0,"Jon Rahm",2022,1,19.0
513,"Arnold Palmer Invitational pres. by Mastercard","Viktor Hovland","2022-03-02 17:01:19.728181",Andrew,908000.0,"Will Zalatoris",2022,1,218.0
514,"Arnold Palmer Invitational pres. by Mastercard","Will Zalatoris","2022-03-02 22:36:22.127115","Brady Irwin",53400.0,"Hideki Matsuyama",2022,1,19.0
515,"Arnold Palmer Invitational pres. by Mastercard","Viktor Hovland","2022-03-03 05:30:09.077501","Uncle Ricky ",908000.0,"Chris Kirk",2022,1,218.0
516,"Arnold Palmer Invitational pres. by Mastercard","Rory McIlroy","2022-03-03 06:05:55.835693",Derek,228000.0,"Viktor Hovland",2022,1,61.0
517,"Arnold Palmer Invitational pres. by Mastercard","Matt Fitzpatrick","2022-03-03 06:28:11.700285",Sohale,339000.0,"Will Zalatoris",2022,1,80.0
518,"THE PLAYERS Championship","Patrick Cantlay","2022-03-08 17:56:08.094930",smk,0.0,"Collin Morikawa",2022,1,0.0
519,"THE PLAYERS Championship","Collin Morikawa","2022-03-08 20:27:12.872910","Nick’s Price is Right ",0.0,"Jon Rahm",2022,0,0.0
520,"THE PLAYERS Championship","Collin Morikawa","2022-03-08 20:46:45.770839","Chris Karu",0.0,"Patrick Cantlay",2022,1,0.0
521,"THE PLAYERS Championship","Viktor Hovland","2022-03-08 21:26:10.937980",DK,525000.0,"Brooks Koepka",2022,1,80.0
522,"THE PLAYERS Championship","Justin Thomas","2022-03-09 03:23:59.531756","Jamil Rousseau",100111.0,"Jon Rahm",2022,1,22.0
523,"THE PLAYERS Championship","Cameron Smith","2022-03-09 15:23:02.727296","Thomas Davidson-park",3600000.0,"Jason Day",2022,1,600.0
524,"THE PLAYERS Championship","Justin Thomas","2022-03-09 15:48:55.848323",Andrew,100111.0,"Brooks Koepka",2022,1,22.0
525,"THE PLAYERS Championship","Collin Morikawa","2022-03-09 16:57:13.945966",Gibber46,0.0,"Justin Thomas",2022,1,0.0
526,"THE PLAYERS Championship","Collin Morikawa","2022-03-10 01:06:07.767421","Brady Irwin",0.0,"Jon Rahm",2022,0,0.0
527,"THE PLAYERS Championship","Patrick Cantlay","2022-03-10 02:04:47.297127","Uncle Ricky ",0.0,"Justin Thomas",2022,1,0.0
528,"THE PLAYERS Championship","Jon Rahm","2022-03-10 03:38:37.134056",Backus,46200.0,"Collin Morikawa",2022,1,6.0
529,"THE PLAYERS Championship","Collin Morikawa","2022-03-10 05:56:58.763321",Derek,0.0,"Viktor Hovland",2022,0,0.0
530,"THE PLAYERS Championship","Collin Morikawa","2022-03-10 06:01:37.743047",Sohale,0.0,"Corey Conners",2022,0,0.0
531,"THE PLAYERS Championship","Joaquin Niemann","2022-03-10 07:26:55.861970",lucas,201000.0,"Rory McIlroy",2022,1,43.0
532,"THE PLAYERS Championship","Jon Rahm","2022-03-12 23:29:21.734117","Brady Irwin",46200.0,"Jon Rahm",2022,1,6.0
533,"THE PLAYERS Championship","Corey Conners","2022-03-13 15:35:18.616821",Sohale,143000.0,"Corey Conners",2022,1,33.0
534,"THE PLAYERS Championship","Viktor Hovland","2022-03-13 17:07:51.099170",Derek,525000.0,"Viktor Hovland",2022,1,80.0
535,"THE PLAYERS Championship","Jon Rahm","2022-03-13 18:14:37.517393","Nick’s Price is Right ",46200.0,"Jon Rahm",2022,1,6.0
536,"Valspar Championship","Louis Oosthuizen","2022-03-15 18:11:09.597570","Nick’s Price is Right ",17004.0,"Shane Lowry",2022,1,4.0
537,"Valspar Championship","Abraham Ancer","2022-03-15 19:40:11.870253",DK,0.0,"Shane Lowry",2022,1,0.0
538,"Valspar Championship","Sam Burns","2022-03-15 21:11:15.787462","Thomas Davidson-park",1404000.0,"Dustin Johnson",2022,1,500.0
539,"Valspar Championship","Xander Schauffele","2022-03-16 13:20:06.230159",smk,159900.0,"Viktor Hovland",2022,1,59.0
540,"Valspar Championship","Dustin Johnson","2022-03-16 16:03:08.929211","Jamil Rousseau",29250.0,"Viktor Hovland",2022,1,13.0
541,"Valspar Championship","Viktor Hovland","2022-03-16 18:07:05.121631",Gibber46,41600.0,"Adam Svensson",2022,1,21.0
542,"Valspar Championship","Louis Oosthuizen","2022-03-16 19:23:51.851089",Andrew,17004.0,"Tyrrell Hatton",2022,1,4.0
543,"Valspar Championship","Dustin Johnson","2022-03-16 20:23:37.820196",Backus,29250.0,"Louis Oosthuizen",2022,1,13.0
544,"Valspar Championship","Abraham Ancer","2022-03-16 20:46:19.586384","Chris Karu",0.0,"Dustin Johnson",2022,1,0.0
545,"Valspar Championship","Louis Oosthuizen","2022-03-16 23:22:00.187209",lucas,17004.0,"Keegan Bradley",2022,1,4.0
546,"Valspar Championship","Adam Hadwin","2022-03-17 02:14:56.548253","Brady Irwin",228930.0,"Keegan Bradley",2022,1,80.0
547,"Valspar Championship","Viktor Hovland","2022-03-17 05:45:31.053381",Sohale,41600.0,"Louis Oosthuizen",2022,1,21.0
548,"Valspar Championship","Tommy Fleetwood","2022-03-17 08:01:44.803823","Uncle Ricky ",118950.0,"Justin Thomas",2022,1,49.0
549,"WGC-Dell Technologies Match Play","Sergio Garcia","2022-03-22 19:49:37.946953","Thomas Davidson-park",97111.0,"Joaquin Niemann",2022,1,31.7
550,"WGC-Dell Technologies Match Play","Joaquin Niemann","2022-03-22 20:17:54.411047","Nick’s Price is Right ",58239.0,"Patrick Cantlay",2022,1,13.3
551,"WGC-Dell Technologies Match Play","Talor Gooch","2022-03-22 21:27:18.526715",lucas,133875.0,"Russell Henley",2022,1,47.2
552,"WGC-Dell Technologies Match Play","Justin Thomas","2022-03-22 22:59:49.320330",smk,58239.0,"Jon Rahm",2022,0,13.3
553,"WGC-Dell Technologies Match Play","Patrick Cantlay","2022-03-22 23:00:19.931715",DK,97111.0,"Ian Poulter",2022,1,31.7
554,"WGC-Dell Technologies Match Play","Kevin Kisner","2022-03-23 02:45:31.916100","Jamil Rousseau",1320000.0,"Patrick Cantlay",2022,1,315.0
555,"WGC-Dell Technologies Match Play","Scottie Scheffler","2022-03-23 02:55:12.784526",Andrew,2100000.0,"Billy Horschel",2022,1,550.0
556,"WGC-Dell Technologies Match Play","Paul Casey","2022-03-23 02:57:49.931248","Brady Irwin",42750.0,"Corey Conners",2022,0,5.2
557,"WGC-Dell Technologies Match Play","Scottie Scheffler","2022-03-23 03:20:27.007642",Backus,2100000.0,"Xander Schauffele",2022,1,550.0
558,"WGC-Dell Technologies Match Play","Shane Lowry","2022-03-23 03:36:36.661890",Derek,58239.0,"Joaquin Niemann",2022,1,13.3
559,"WGC-Dell Technologies Match Play","Xander Schauffele","2022-03-23 04:30:48.995407",Sohale,58239.0,"Tom Hoge",2022,1,13.3
560,"WGC-Dell Technologies Match Play","Scottie Scheffler","2022-03-23 05:57:58.593335","Uncle Ricky ",2100000.0,"Paul Casey",2022,1,550.0
561,"WGC-Dell Technologies Match Play","Matthew Wolff","2022-03-23 06:24:12.284386",Gibber46,42750.0,"Dustin Johnson",2022,1,5.2
562,"WGC-Dell Technologies Match Play","Thomas Pieters","2022-03-24 20:59:03.995409","Chris Karu",97111.0,"Max Homa",2022,1,31.7
563,"WGC-Dell Technologies Match Play","Daniel Berger","2022-03-24 21:01:36.651538","Brady Irwin",58239.0,"Daniel Berger",2022,1,13.3
564,"WGC-Dell Technologies Match Play","Jon Rahm","2022-03-26 00:44:36.618702",smk,220000.0,"Jon Rahm",2022,1,68.2
565,"Valero Texas Open","Corey Conners","2022-03-29 19:04:54.144992",Gibber46,41925.0,"Harry Higgs",2022,1,18.0
566,"Valero Texas Open","Corey Conners","2022-03-29 19:05:16.106298","Nick’s Price is Right ",41925.0,"Abraham Ancer",2022,1,18.0
567,"Valero Texas Open","Corey Conners","2022-03-29 19:36:49.890388","Jamil Rousseau",41925.0,"Corey Conners",2022,1,18.0
568,"Valero Texas Open","Maverick McNealy","2022-03-29 19:41:48.888855",DK,41925.0,"Adam Hadwin",2022,1,18.0
569,"Valero Texas Open","Jordan Spieth","2022-03-29 21:58:26.431846",smk,41925.0,"Corey Conners",2022,1,18.0
570,"Valero Texas Open","Corey Conners","2022-03-30 06:55:53.370876",Andrew,41925.0,"Adam Hadwin",2022,1,18.0
571,"Valero Texas Open","Corey Conners","2022-03-30 07:20:56.796818","Thomas Davidson-park",41925.0,"Adam Hadwin",2022,1,18.0
572,"Valero Texas Open","Bryson DeChambeau","2022-03-30 15:25:46.880956","Chris Karu",0.0,"Adam Hadwin",2022,1,0.0
573,"Valero Texas Open","Corey Conners","2022-03-30 20:17:41.231364",Backus,41925.0,"Adam Hadwin",2022,1,18.0
574,"Valero Texas Open","Rory McIlroy","2022-03-30 22:41:22.965280",lucas,0.0,"Adam Hadwin",2022,1,0.0
575,"Valero Texas Open","Maverick McNealy","2022-03-31 02:32:45.898028","Brady Irwin",41925.0,"Charley Hoffman",2022,1,18.0
576,"Valero Texas Open","Corey Conners","2022-03-31 04:52:34.662964",Derek,41925.0,"Abraham Ancer",2022,1,18.0
577,"Valero Texas Open","Jordan Spieth","2022-03-31 05:37:23.950727",Sohale,41925.0,"Gary Woodland",2022,1,18.0
578,"Masters Tournament","Dustin Johnson","2022-04-05 18:26:37.556161",DK,330000.0,"Brooks Koepka",2022,1,70.0
579,"Masters Tournament","Jon Rahm","2022-04-05 20:37:17.517751","Thomas Davidson-park",111000.0,"Dustin Johnson",2022,1,35.0
580,"Masters Tournament","Dustin Johnson","2022-04-05 22:31:15.143053",Andrew,330000.0,"Cameron Smith",2022,1,70.0
581,"Masters Tournament","Collin Morikawa","2022-04-05 23:38:52.528685",Backus,600000.0,"Will Zalatoris",2022,1,120.0
582,"Masters Tournament","Tiger Woods","2022-04-06 02:01:04.423397",Gibber46,43500.0,"Brooks Koepka",2022,1,11.0
583,"Masters Tournament","Scottie Scheffler","2022-04-06 18:04:29.350100",smk,5400000.0,"Patrick Reed",2022,2,600.0
584,"Masters Tournament","Cameron Smith","2022-04-06 18:10:09.153850",lucas,870000.0,"Jordan Spieth",2022,1,180.0
585,"Masters Tournament","Justin Thomas","2022-04-06 21:14:11.601805","Nick’s Price is Right ",450000.0,"Daniel Berger",2022,1,91.0
586,"Masters Tournament","Justin Thomas","2022-04-07 05:30:15.647101",Sohale,450000.0,"Will Zalatoris",2022,1,91.0
587,"Masters Tournament","Brooks Koepka","2022-04-07 10:58:00.329395",Derek,0.0,"Cameron Smith",2022,1,0.0
588,"Masters Tournament","Cameron Smith","2022-04-07 13:04:12.664713","Chris Karu",870000.0,"Will Zalatoris",2022,1,180.0
589,"Masters Tournament","Cameron Smith","2022-04-07 13:32:27.394463","Jamil Rousseau",0.0,"Scottie Scheffler",2022,0,180.0
590,"Masters Tournament","Scottie Scheffler","2022-04-07 13:38:58.400525","Brady Irwin",5400000.0,"Jordan Spieth",2022,2,600.0
591,"Masters Tournament","Cameron Smith","2022-04-07 15:33:39.357869","Uncle Ricky ",870000.0,"Justin Thomas",2022,1,180.0
592,"Masters Tournament","Scottie Scheffler","2022-04-09 05:29:40.515496","Jamil Rousseau",2700000.0,"Scottie Scheffler",2022,1,600.0
593,"RBC Heritage","Collin Morikawa","2022-04-13 04:30:16.264129",DK,54844.0,"Daniel Berger",2022,1,28.0
594,"RBC Heritage","Cameron Smith","2022-04-13 13:35:00.011974",Gibber46,0.0,"Shane Lowry",2022,1,0.0
595,"RBC Heritage","Webb Simpson","2022-04-13 15:04:11.633099","Thomas Davidson-park",17680.0,"Daniel Berger",2022,1,5.0
596,"RBC Heritage","Shane Lowry","2022-04-13 15:16:02.205841","Jamil Rousseau",330857.0,"Patrick Cantlay",2022,1,113.0
597,"RBC Heritage","Joaquin Niemann","2022-04-13 15:35:16.609240","Brady Irwin",140667.0,"Shane Lowry",2022,1,54.0
598,"RBC Heritage","Shane Lowry","2022-04-13 15:48:44.615378","Chris Karu",330857.0,"Russell Henley",2022,1,113.0
599,"RBC Heritage","Shane Lowry","2022-04-13 18:30:18.977091","Nick’s Price is Right ",330857.0,"Harold Varner III",2022,1,113.0
600,"RBC Heritage","Shane Lowry","2022-04-13 20:20:01.535890",Andrew,330857.0,"Matt Fitzpatrick",2022,1,113.0
601,"RBC Heritage","Kevin Kisner","2022-04-13 23:42:33.604074",smk,0.0,"Kevin Na",2022,1,0.0
602,"RBC Heritage","Corey Conners","2022-04-14 04:51:46.348527",lucas,140667.0,"Justin Thomas",2022,1,54.0
603,"RBC Heritage","Shane Lowry","2022-04-14 05:16:59.887696",Sohale,330857.0,"Russell Henley",2022,1,113.0
604,"RBC Heritage","Joaquin Niemann","2022-04-14 23:14:06.734069",Derek,140667.0,"Anirban Lahiri",2022,1,54.0
605,"RBC Heritage","Joaquin Niemann","2022-04-15 04:20:30.623048",Backus,140667.0,"Aaron Wise",2022,1,54.0
606,"Zurich Classic of New Orleans","Ryan Palmer","2022-04-20 14:20:19.744820",Gibber46,0.0,"Billy Horschel",2022,1,44.0
607,"Zurich Classic of New Orleans","Sam Burns","2022-04-20 17:41:24.734935","Nick’s Price is Right ",0.0,"Marc Leishman",2022,1,245.0
608,"Zurich Classic of New Orleans","Talor Gooch","2022-04-20 19:00:44.458878","Thomas Davidson-park",0.0,"Ryan Palmer",2022,1,31.0
609,"Zurich Classic of New Orleans","Ryan Palmer","2022-04-20 19:04:15.754072",Andrew,0.0,"Marc Leishman",2022,1,44.0
610,"Zurich Classic of New Orleans","Marc Leishman","2022-04-20 19:35:59.342980",smk,0.0,"Viktor Hovland",2022,1,31.0
611,"Zurich Classic of New Orleans","Billy Horschel","2022-04-20 20:13:24.835227",DK,0.0,"Ryan Palmer",2022,1,245.0
612,"Zurich Classic of New Orleans","Marc Leishman","2022-04-20 23:46:22.794048",lucas,0.0,"Harold Varner III",2022,1,31.0
613,"Zurich Classic of New Orleans","Sam Burns","2022-04-21 05:30:56.114167",Sohale,0.0,"Marc Leishman",2022,1,245.0
614,"Zurich Classic of New Orleans","Marc Leishman","2022-04-21 15:23:24.448676","Chris Karu",0.0,"Viktor Hovland",2022,1,31.0
615,"Zurich Classic of New Orleans","Patrick Cantlay","2022-04-22 15:56:03.893600",Backus,0.0,"Xander Schauffele",2022,2,400.0
616,"Zurich Classic of New Orleans","Marc Leishman","2022-04-22 15:56:10.427175","Jamil Rousseau",0.0,"Ryan Palmer",2022,1,31.0
617,"Zurich Classic of New Orleans","Ryan Palmer","2022-04-22 15:57:17.910073","Brady Irwin",0.0,"Danny Willet",2022,1,44.0
618,"Mexico Open","Kevin Na","2022-04-26 19:38:02.806849",smk,23287.0,"Abraham Ancer",2022,1,11.0
619,"Mexico Open","Cameron Tringale","2022-04-26 19:39:01.182540","Nick’s Price is Right ",36541.0,"Gary Woodland",2022,1,19.0
620,"Mexico Open","Kevin Na","2022-04-27 02:39:28.041826",DK,23287.0,"Sebastián Muñoz",2022,1,11.0
621,"Mexico Open","Cameron Tringale","2022-04-27 03:50:12.740253","Thomas Davidson-park",36541.0,"Gary Woodland",2022,1,19.0
622,"Mexico Open","Abraham Ancer","2022-04-27 13:15:06.864660",Gibber46,23287.0,"Cameron Tringale",2022,1,11.0
623,"Mexico Open","Aaron Wise","2022-04-27 16:06:47.678440","Chris Karu",238163.0,"Sebastián Muñoz",2022,1,89.0
624,"Mexico Open","Jon Rahm","2022-04-27 19:33:49.208777",lucas,0.0,"Jon Rahm",2022,0,0.0
625,"Mexico Open","Aaron Wise","2022-04-27 19:50:59.399872",Sohale,238163.0,"Sebastián Muñoz",2022,1,89.0
626,"Mexico Open","Cameron Champ","2022-04-28 00:36:22.125384",Derek,238163.0,"Aaron Wise",2022,1,89.0
627,"Mexico Open","Jon Rahm","2022-04-28 02:25:09.946513",Andrew,2628000.0,"Abraham Ancer",2022,2,500.0
628,"Mexico Open","Abraham Ancer","2022-04-28 02:25:37.169628",Backus,23287.0,"Gary Woodland",2022,1,11.0
629,"Mexico Open","Abraham Ancer","2022-04-28 02:43:01.647248","Brady Irwin",23287.0,"Gary Woodland",2022,1,11.0
630,"Mexico Open","Kevin Na","2022-04-28 04:01:12.914531","Jamil Rousseau",23287.0,"Abraham Ancer",2022,1,11.0
631,"Mexico Open","Tony Finau","2022-04-28 07:12:03.675976","Uncle Ricky ",552367.0,"Aaron Rai",2022,1,208.0
632,"Mexico Open","Jon Rahm","2022-04-29 23:09:45.506956",lucas,1314000.0,"Jon Rahm",2022,1,500.0
633,"Wells Fargo Championship","Jason Day","2022-05-03 23:41:29.598269","Thomas Davidson-park",141750.0,"Rory McIlroy",2022,1,50.0
634,"Wells Fargo Championship","Tony Finau","2022-05-04 02:42:03.294955","Nick’s Price is Right ",33750.0,"Rory McIlroy",2022,1,13.0
635,"Wells Fargo Championship","Corey Conners","2022-05-04 13:20:19.299522",smk,98100.0,"Tony Finau",2022,1,40.0
636,"Wells Fargo Championship","Corey Conners","2022-05-04 15:26:47.400338",DK,98100.0,"Tyrrell Hatton",2022,1,40.0
637,"Wells Fargo Championship","Tyrrell Hatton","2022-05-04 15:32:45.212641","Chris Karu",41850.0,"Corey Conners",2022,1,18.0
638,"Wells Fargo Championship","Russell Henley","2022-05-04 17:04:10.632126",Andrew,33750.0,"Keegan Bradley",2022,1,13.0
639,"Wells Fargo Championship","Marc Leishman","2022-05-04 21:26:00.781990",Gibber46,0.0,"Brandon Matthews",2022,1,0.0
640,"Wells Fargo Championship","Russell Henley","2022-05-05 02:39:26.287200","Brady Irwin",33750.0,"Gary Woodland",2022,1,13.0
641,"Wells Fargo Championship","Tyrrell Hatton","2022-05-05 03:31:15.037167",lucas,41850.0,"Seamus Power",2022,1,18.0
642,"Wells Fargo Championship","Tony Finau","2022-05-05 04:08:43.080149",Backus,33750.0,"Tyrrell Hatton",2022,1,13.0
643,"Wells Fargo Championship","Tyrrell Hatton","2022-05-05 04:09:00.561268","Jamil Rousseau",41850.0,"Matt Kuchar",2022,1,18.0
644,"Wells Fargo Championship","Seamus Power","2022-05-05 05:24:39.126783",Sohale,0.0,"Abraham Ancer",2022,1,0.0
645,"AT&T Byron Nelson","Marc Leishman","2022-05-10 22:32:46.190651","Nick’s Price is Right ",21635.0,"Charl Schwartzel",2022,1,6.0
646,"AT&T Byron Nelson","Joaquin Niemann","2022-05-11 02:36:14.173780",DK,68445.0,"Sam Burns",2022,1,31.0
647,"AT&T Byron Nelson","Jordan Spieth","2022-05-11 15:07:33.704411",Gibber46,991900.0,"Adam Hadwin",2022,1,300.0
648,"AT&T Byron Nelson","Sam Burns","2022-05-11 16:15:08.030277",Andrew,0.0,"Will Zalatoris",2022,1,0.0
649,"AT&T Byron Nelson","Xander Schauffele","2022-05-11 16:45:08.100432","Chris Karu",336700.0,"Will Zalatoris",2022,1,100.0
650,"AT&T Byron Nelson","Xander Schauffele","2022-05-11 17:49:57.140721",Backus,336700.0,"Tommy Fleetwood",2022,1,100.0
651,"AT&T Byron Nelson","Sam Burns","2022-05-11 20:38:33.936623",lucas,0.0,"Jordan Spieth",2022,1,0.0
652,"AT&T Byron Nelson","Sam Burns","2022-05-11 20:40:51.387748","Jamil Rousseau",0.0,"Aaron Wise",2022,1,0.0
653,"AT&T Byron Nelson","Sam Burns","2022-05-12 03:11:01.602722","Brady Irwin",0.0,"Talor Gooch",2022,1,0.0
654,"AT&T Byron Nelson","Joaquin Niemann","2022-05-12 04:56:19.927844","Thomas Davidson-park",68445.0,"Dustin Johnson",2022,1,31.0
655,"AT&T Byron Nelson","Will Zalatoris","2022-05-12 05:14:57.310090",Sohale,0.0,"Dustin Johnson",2022,0,0.0
656,"AT&T Byron Nelson","Sebastián Muñoz","2022-05-13 01:39:26.613004",smk,536900.0,"Carlos Ortiz",2022,1,162.0
657,"AT&T Byron Nelson","Sebastián Muñoz","2022-05-13 05:32:38.745215",Sohale,536900.0,"K.H. Lee",2022,1,162.0
658,"PGA Championship","Collin Morikawa","2022-05-17 18:32:24.304830",smk,27925.0,"Dustin Johnson",2022,1,6.0
659,"PGA Championship","Hideki Matsuyama","2022-05-17 18:51:57.990499","Nick’s Price is Right ",26125.0,"Viktor Hovland",2022,1,5.0
660,"PGA Championship","Justin Thomas","2022-05-17 23:04:07.442828",DK,2700000.0,"Scottie Scheffler",2022,1,600.0
661,"PGA Championship","Justin Thomas","2022-05-18 02:29:37.322520",Backus,2700000.0,"Jordan Spieth",2022,1,600.0
662,"PGA Championship","Rory McIlroy","2022-05-18 05:26:34.766303",Andrew,436600.0,"Jordan Spieth",2022,1,94.0
663,"PGA Championship","Justin Thomas","2022-05-18 12:28:34.394681",Gibber46,2700000.0,"Brooks Koepka",2022,1,600.0
664,"PGA Championship","Tiger Woods","2022-05-18 14:40:02.308198","Jamil Rousseau",0.0,"Cameron Young",2022,1,0.0
665,"PGA Championship","Rory McIlroy","2022-05-18 15:21:55.670150","Thomas Davidson-park",436600.0,"Dustin Johnson",2022,1,94.0
666,"PGA Championship","Justin Thomas","2022-05-18 16:00:02.285962","Chris Karu",2700000.0,"Hideki Matsuyama",2022,1,600.0
667,"PGA Championship","Viktor Hovland","2022-05-18 17:56:34.427496",lucas,43839.0,"Tony Finau",2022,1,14.0
668,"PGA Championship","Jordan Spieth","2022-05-18 19:34:44.096294",Derek,61607.0,"Jon Rahm",2022,1,22.0
669,"PGA Championship","Jon Rahm","2022-05-18 23:04:46.339965","Uncle Ricky ",32146.0,"Collin Morikawa",2022,1,9.0
670,"PGA Championship","Jordan Spieth","2022-05-19 02:46:19.388764","Brady Irwin",61607.0,"Rory McIlroy",2022,1,22.0
671,"PGA Championship","Rory McIlroy","2022-05-19 05:21:55.365967",Sohale,436600.0,"Cameron Young",2022,1,94.0
672,"PGA Championship","Cameron Young","2022-05-23 13:38:36.565258","Jamil Rousseau",870000.0,"Cameron Young",2022,1,180.0
673,"Charles Schwab Challenge","Jordan Spieth","2022-05-24 20:24:53.915509",Backus,246540.0,"Max Homa",2022,1,80.0
674,"Charles Schwab Challenge","Will Zalatoris","2022-05-24 21:26:23.094369",DK,0.0,"Max Homa",2022,1,0.0
675,"Charles Schwab Challenge","Abraham Ancer","2022-05-25 03:36:53.523467","Jamil Rousseau",0.0,"Jason Kokrak",2022,1,0.0
676,"Charles Schwab Challenge","Max Homa","2022-05-25 03:44:56.034514","Nick’s Price is Right ",77700.0,"Lucas Glover",2022,1,36.0
677,"Charles Schwab Challenge","Max Homa","2022-05-25 05:17:48.983445",Andrew,77700.0,"Webb Simpson",2022,1,36.0
678,"Charles Schwab Challenge","Daniel Berger","2022-05-25 10:12:19.124505",smk,77700.0,"Garrick Higgo",2022,1,36.0
679,"Charles Schwab Challenge","Brian Harman","2022-05-25 15:37:30.651175","Brady Irwin",0.0,"Max Homa",2022,1,0.0
680,"Charles Schwab Challenge","Jordan Spieth","2022-05-25 16:02:54.210133","Chris Karu",246540.0,"Sam Burns",2022,1,80.0
681,"Charles Schwab Challenge","Gary Woodland","2022-05-25 17:42:42.923133",Gibber46,0.0,"Harold Varner III",2022,1,0.0
682,"Charles Schwab Challenge","Daniel Berger","2022-05-25 23:24:52.435338","Thomas Davidson-park",77700.0,"Justin Thomas",2022,1,36.0
683,"Charles Schwab Challenge","Jordan Spieth","2022-05-26 03:15:34.488154",lucas,246540.0,"Harold Varner III",2022,1,80.0
684,"Charles Schwab Challenge","Chris Kirk","2022-05-26 05:12:02.342868",Sohale,132300.0,"Sungjae Im",2022,1,50.0
685,"the Memorial Tournament pres. by Workday","Patrick Cantlay","2022-05-31 19:49:24.116000","Nick’s Price is Right ",708000.0,"Seamus Power",2022,1,170.0
686,"the Memorial Tournament pres. by Workday","Max Homa","2022-05-31 23:04:11.470801","Thomas Davidson-park",411600.0,"Xander Schauffele",2022,1,97.0
687,"the Memorial Tournament pres. by Workday","Rory McIlroy","2022-06-01 02:29:10.498301",DK,142800.0,"Cameron Young",2022,1,47.0
688,"the Memorial Tournament pres. by Workday","Max Homa","2022-06-01 11:14:07.358360",smk,411600.0,"Hideki Matsuyama",2022,1,97.0
689,"the Memorial Tournament pres. by Workday","Jon Rahm","2022-06-01 18:50:53.433200","Chris Karu",303000.0,"Daniel Berger",2022,1,73.0
690,"the Memorial Tournament pres. by Workday","Davis Riley","2022-06-01 19:32:54.935648",Gibber46,221400.0,"Billy Horschel",2022,1,60.0
691,"the Memorial Tournament pres. by Workday","Hideki Matsuyama","2022-06-01 22:06:34.054046",Backus,0.0,"Viktor Hovland",2022,1,0.0
692,"the Memorial Tournament pres. by Workday","Collin Morikawa","2022-06-01 22:19:21.365094",lucas,0.0,"Max Homa",2022,1,0.0
693,"the Memorial Tournament pres. by Workday","Matt Fitzpatrick","2022-06-01 23:23:15.165146",Andrew,0.0,"Mito Pereira",2022,1,0.0
694,"the Memorial Tournament pres. by Workday","Matt Fitzpatrick","2022-06-02 01:49:34.354316","Brady Irwin",0.0,"Rory McIlroy",2022,1,0.0
695,"the Memorial Tournament pres. by Workday","Cameron Young","2022-06-02 05:21:18.115455",Sohale,26640.0,"Sungjae Im",2022,1,5.0
696,"the Memorial Tournament pres. by Workday","Xander Schauffele","2022-06-02 13:05:26.320218","Uncle Ricky ",142800.0,"Shane Lowry",2022,1,47.0
697,"RBC Canadian Open","Sam Burns","2022-06-07 19:56:20.626128",DK,391500.0,"Harold Varner III",2022,1,128.0
698,"RBC Canadian Open","Matt Fitzpatrick","2022-06-07 20:07:41.201088",smk,219675.0,"Tony Finau",2022,1,73.0
699,"RBC Canadian Open","Harold Varner III","2022-06-07 21:01:42.731847","Nick’s Price is Right ",160515.0,"Cameron Smith",2022,1,60.0
700,"RBC Canadian Open","Shane Lowry","2022-06-07 21:30:21.799262",Backus,219675.0,"Sebastián Muñoz",2022,1,73.0
701,"RBC Canadian Open","Shane Lowry","2022-06-08 04:07:07.265187","Thomas Davidson-park",219675.0,"Justin Thomas",2022,1,73.0
702,"RBC Canadian Open","Tony Finau","2022-06-08 11:17:50.514971",Gibber46,948300.0,"Harold Varner III",2022,1,315.0
703,"RBC Canadian Open","Matt Fitzpatrick","2022-06-08 12:51:15.546095","Jamil Rousseau",219675.0,"Chris Kirk",2022,1,73.0
704,"RBC Canadian Open","Tony Finau","2022-06-08 15:31:36.940996",Andrew,948300.0,"Tyrrell Hatton",2022,1,315.0
705,"RBC Canadian Open","Sam Burns","2022-06-08 15:59:06.649265","Chris Karu",391500.0,"Corey Conners",2022,1,128.0
706,"RBC Canadian Open","Corey Conners","2022-06-08 17:17:44.562012","Brady Irwin",315375.0,"Shane Lowry",2022,1,105.0
707,"RBC Canadian Open","Shane Lowry","2022-06-08 22:04:37.781381",lucas,219675.0,"Tony Finau",2022,1,73.0
708,"RBC Canadian Open","Matt Fitzpatrick","2022-06-09 01:51:15.795497","Uncle Ricky ",219675.0,"Sam Burns",2022,1,73.0
709,"RBC Canadian Open","Matt Fitzpatrick","2022-06-09 05:00:34.923373",Derek,219675.0,"Sam Burns",2022,1,73.0
710,"RBC Canadian Open","Harold Varner III","2022-06-09 05:21:52.056966",Sohale,160515.0,"Tyrrell Hatton",2022,1,60.0
711,"U.S. Open","Justin Thomas","2022-06-14 23:30:41.491171","Thomas Davidson-park",75916.0,"Scottie Scheffler",2022,1,19.0
712,"U.S. Open","Cameron Smith","2022-06-15 02:17:10.947687",DK,0.0,"Davis Riley",2022,1,0.0
713,"U.S. Open","Rory McIlroy","2022-06-15 02:40:48.920186","Nick’s Price is Right ",674953.0,"Billy Horschel",2022,1,115.0
714,"U.S. Open","Justin Thomas","2022-06-15 03:45:03.184447","Uncle Ricky ",75916.0,"Rory McIlroy",2022,1,19.0
715,"U.S. Open","Will Zalatoris","2022-06-15 04:17:26.695146",Andrew,1557687.0,"Brooks Koepka",2022,1,270.0
716,"U.S. Open","Brooks Koepka","2022-06-15 12:32:26.647421",Gibber46,39432.0,"Dustin Johnson",2022,1,7.0
717,"U.S. Open","Shane Lowry","2022-06-15 13:27:18.441501",smk,0.0,"Viktor Hovland",2022,1,0.0
718,"U.S. Open","Matt Fitzpatrick","2022-06-15 16:02:27.114029","Chris Karu",6300000.0,"Patrick Cantlay",2022,2,600.0
719,"U.S. Open","Sam Burns","2022-06-15 20:50:49.136772",Backus,127002.0,"Cameron Young",2022,1,34.0
720,"U.S. Open","Scottie Scheffler","2022-06-15 22:18:24.515772",lucas,1557687.0,"Will Zalatoris",2022,1,270.0
721,"U.S. Open","Scottie Scheffler","2022-06-16 00:22:00.950346",Derek,1557687.0,"Xander Schauffele",2022,1,270.0
722,"U.S. Open","Jon Rahm","2022-06-16 00:22:58.616108","Jamil Rousseau",347058.0,"Brooks Koepka",2022,1,70.0
723,"U.S. Open","Rory McIlroy","2022-06-16 02:41:24.224671","Brady Irwin",674953.0,"Shane Lowry",2022,1,115.0
724,"U.S. Open","Jon Rahm","2022-06-16 05:14:26.423283",Sohale,694116.0,"Hideki Matsuyama",2022,2,70.0
725,"Travelers Championship","Aaron Wise","2022-06-21 20:34:13.619043",DK,0.0,"Davis Riley",2022,1,0.0
726,"Travelers Championship","Brian Harman","2022-06-21 20:35:07.261728","Nick’s Price is Right ",243605.0,"Cameron Champ",2022,1,75.0
727,"Travelers Championship","Aaron Rai","2022-06-21 21:11:53.575034","Thomas Davidson-park",0.0,"Xander Schauffele",2022,0,0.0
728,"Travelers Championship","Tony Finau","2022-06-21 23:02:25.338896","Chris Karu",159775.0,"Zach Johnson",2022,1,54.0
729,"Travelers Championship","Emiliano Grillo","2022-06-22 11:13:53.429071",smk,0.0,"Emiliano Grillo",2022,1,0.0
730,"Travelers Championship","Sam Burns","2022-06-22 12:56:21.469365",Gibber46,0.0,"Harold Varner III",2022,1,0.0
731,"Travelers Championship","Tommy Fleetwood","2022-06-22 15:05:18.544108",Andrew,23679.0,"Webb Simpson",2022,1,9.0
732,"Travelers Championship","Aaron Wise","2022-06-23 02:41:25.301076","Brady Irwin",0.0,"Davis Riley",2022,1,0.0
733,"Travelers Championship","Keegan Bradley","2022-06-23 05:30:20.726741",Sohale,106102.0,"Mito Pereira",2022,1,42.0
734,"Travelers Championship","Keegan Bradley","2022-06-23 05:42:18.574137",lucas,106102.0,"Tom Hoge",2022,1,42.0
735,"Travelers Championship","Aaron Wise","2022-06-23 05:48:35.014592",Derek,0.0,"Xander Schauffele",2022,1,0.0
736,"Travelers Championship","Xander Schauffele","2022-06-25 15:50:46.984311","Thomas Davidson-park",1494000.0,"Xander Schauffele",2022,1,500.0
737,"John Deere Classic","Sahith Theegala","2022-06-28 20:06:07.953332","Thomas Davidson-park",97803.0,"Maverick McNealy",2022,1,46.0
738,"John Deere Classic","Sahith Theegala","2022-06-28 20:10:46.000253",DK,97803.0,"Adam Hadwin",2022,1,46.0
739,"John Deere Classic","Denny McCarthy","2022-06-28 20:12:43.984702","Nick’s Price is Right ",0.0,"Denny McCarthy",2022,0,0.0
740,"John Deere Classic","Adam Hadwin","2022-06-28 22:21:03.195002",Backus,0.0,"Adam Hadwin",2022,1,0.0
741,"John Deere Classic","Adam Hadwin","2022-06-29 12:36:46.013550",Gibber46,0.0,"Charley Hoffman",2022,1,0.0
742,"John Deere Classic","Adam Hadwin","2022-06-29 17:31:39.056849","Chris Karu",0.0,"Denny McCarthy",2022,1,0.0
743,"John Deere Classic","Adam Hadwin","2022-06-29 19:50:40.995037",Andrew,0.0,"Charles Howell III",2022,1,0.0
744,"John Deere Classic","Sahith Theegala","2022-06-29 21:15:25.877867",smk,97803.0,"Jason Day",2022,1,46.0
745,"John Deere Classic","Denny McCarthy","2022-06-29 21:42:50.689556",lucas,248500.0,"Patrick Rodgers",2022,1,95.0
746,"John Deere Classic","Denny McCarthy","2022-06-30 04:58:39.779330",Derek,248500.0,"J.T. Poston",2022,1,95.0
747,"John Deere Classic","Charles Howell III","2022-06-30 05:14:32.408694",Sohale,139042.0,"Sahith Theegala",2022,1,57.0
748,"John Deere Classic","J.T. Poston","2022-07-01 04:12:48.230110","Nick’s Price is Right ",1278000.0,"J.T. Poston",2022,1,500.0
749,"Genesis Scottish Open","Viktor Hovland","2022-07-05 21:18:27.740108",Backus,0.0,"Tommy Fleetwood",2022,1,0.0
750,"Genesis Scottish Open","Tommy Fleetwood","2022-07-05 21:31:12.246772",DK,0.0,"Tommy Fleetwood",2022,0,0.0
751,"Genesis Scottish Open","Patrick Cantlay","2022-07-05 22:40:55.679479",Andrew,362000.0,"Min Woo Lee",2022,1,122.0
752,"Genesis Scottish Open","Justin Thomas","2022-07-05 23:07:45.656362",lucas,0.0,"Xander Schauffele",2022,1,0.0
753,"Genesis Scottish Open","Jon Rahm","2022-07-06 02:29:08.139543",Derek,23280.0,"Will Zalatoris",2022,1,6.0
754,"Genesis Scottish Open","Cameron Smith","2022-07-06 03:22:49.224142","Nick’s Price is Right ",157800.0,"Robert MacIntyre",2022,1,64.0
755,"Genesis Scottish Open","Tommy Fleetwood","2022-07-06 13:59:22.845781",Sohale,362000.0,"Sungjae Im",2022,1,122.0
756,"Genesis Scottish Open","Tommy Fleetwood","2022-07-06 14:29:20.147892",smk,362000.0,"Harris English",2022,1,122.0
757,"Genesis Scottish Open","Victor Perez","2022-07-06 15:53:02.636245",Gibber46,0.0,"Matthew NeSmith",2022,1,0.0
758,"Genesis Scottish Open","Patrick Cantlay","2022-07-06 15:53:21.750628","Chris Karu",362000.0,"Viktor Hovland",2022,1,122.0
759,"Genesis Scottish Open","Tommy Fleetwood","2022-07-07 03:07:57.805842","Brady Irwin",362000.0,"Justin Rose",2022,1,122.0
760,"Genesis Scottish Open","Kurt Kitayama","2022-07-07 19:51:21.452666","Thomas Davidson-park",876000.0,"Branden Grace",2022,1,300.0
761,"Genesis Scottish Open","Cameron Tringale","2022-07-08 05:22:28.949681",DK,243700.0,"Gary Woodland",2022,1,89.0
762,"The Open","Viktor Hovland","2022-07-12 20:02:46.914338",smk,654000.0,"Seamus Power",2022,1,135.0
763,"The Open","Jordan Spieth","2022-07-12 23:17:10.504689",Andrew,325667.0,"Collin Morikawa",2022,1,88.0
764,"The Open","Will Zalatoris","2022-07-13 03:02:13.170374","Nick’s Price is Right ",90917.0,"Tommy Fleetwood",2022,1,31.0
765,"The Open","Xander Schauffele","2022-07-13 05:39:03.004917",DK,165583.0,"Cameron Young",2022,1,56.0
766,"The Open","Collin Morikawa","2022-07-13 07:18:46.470822","Thomas Davidson-park",0.0,"Adam Scott",2022,1,0.0
767,"The Open","Scottie Scheffler","2022-07-13 13:05:08.204492",Gibber46,120286.0,"Christiaan Bezuidenhout",2022,1,42.0
768,"The Open","Xander Schauffele","2022-07-13 18:24:10.859657",lucas,165583.0,"Max Homa",2022,1,56.0
769,"The Open","Tiger Woods","2022-07-13 19:34:21.442097",Backus,0.0,"Will Zalatoris",2022,1,0.0
770,"The Open","Dustin Johnson","2022-07-13 20:03:54.803998",Sohale,469500.0,"Tyrrell Hatton",2022,1,105.0
771,"The Open","Will Zalatoris","2022-07-14 02:11:18.272070",Derek,90917.0,"Cameron Smith",2022,1,31.0
772,"The Open","Cameron Smith","2022-07-14 02:31:39.509537","Brady Irwin",2500000.0,"Dustin Johnson",2022,1,600.0
773,"3M Open","Adam Svensson","2022-07-20 13:40:19.406637",Gibber46,0.0,"J.T. Poston",2022,1,0.0
774,"3M Open","Davis Riley","2022-07-20 13:45:36.727366",DK,0.0,"J.T. Poston",2022,1,0.0
775,"3M Open","Sungjae Im","2022-07-20 15:03:19.622076",smk,667500.0,"Garrick Higgo",2022,1,245.0
776,"3M Open","Tony Finau","2022-07-20 15:31:25.120504","Thomas Davidson-park",1350000.0,"Cam Davis",2022,1,500.0
777,"3M Open","Maverick McNealy","2022-07-20 16:28:34.073848","Nick’s Price is Right ",18885.0,"Adam Hadwin",2022,1,8.0
778,"3M Open","Hideki Matsuyama","2022-07-20 17:21:39.421892","Chris Karu",0.0,"Cam Davis",2022,1,0.0
779,"3M Open","Davis Riley","2022-07-20 17:32:20.076197",Andrew,0.0,"Sahith Theegala",2022,1,0.0
780,"3M Open","Davis Riley","2022-07-21 02:33:19.280592","Brady Irwin",0.0,"Sungjae Im",2022,1,0.0
781,"3M Open","Tony Finau","2022-07-21 03:35:23.104326",lucas,1350000.0,"Cam Davis",2022,1,500.0
782,"3M Open","Adam Hadwin","2022-07-21 05:32:42.594470",Sohale,31125.0,"Sahith Theegala",2022,1,15.0
783,"3M Open","Scott Piercy","2022-07-22 17:02:32.701423",Andrew,315625.0,"Brice Garnett",2022,1,115.0
784,"3M Open","Cam Davis","2022-07-25 15:15:57.963629","Chris Karu",103313.0,"Cam Davis",2022,1,46.0
785,"Rocket Mortgage Classic","Cameron Young","2022-07-26 19:26:44.849677","Thomas Davidson-park",635600.0,"Will Zalatoris",2022,1,208.0
786,"Rocket Mortgage Classic","Max Homa","2022-07-26 21:06:50.067342",DK,68460.0,"Cameron Champ",2022,1,33.0
787,"Rocket Mortgage Classic","Cameron Young","2022-07-27 02:02:42.299095","Brady Irwin",635600.0,"Max Homa",2022,1,208.0
788,"Rocket Mortgage Classic","Kevin Kisner","2022-07-27 06:52:34.616011",Andrew,0.0,"Cam Davis",2022,1,0.0
789,"Rocket Mortgage Classic","Kevin Kisner","2022-07-27 15:03:29.631523","Nick’s Price is Right ",0.0,"Adam Hadwin",2022,1,0.0
790,"Rocket Mortgage Classic","Max Homa","2022-07-27 16:10:11.165024",Gibber46,68460.0,"Joel Dahmen",2022,1,33.0
791,"Rocket Mortgage Classic","Cameron Young","2022-07-27 17:08:42.914274",smk,635600.0,"Webb Simpson",2022,1,208.0
792,"Rocket Mortgage Classic","Max Homa","2022-07-27 18:51:29.862295","Chris Karu",0.0,"Cameron Young",2022,0,33.0
793,"Rocket Mortgage Classic","Max Homa","2022-07-27 19:39:21.795017",Sohale,68460.0,"Si Woo Kim",2022,1,33.0
794,"Rocket Mortgage Classic","Cameron Young","2022-07-27 22:57:38.345637",lucas,635600.0,"Max Homa",2022,1,208.0
795,"Rocket Mortgage Classic","Cameron Young","2022-07-28 03:41:11.995141",Derek,1271200.0,"Max Homa",2022,2,208.0
796,"Rocket Mortgage Classic","Cameron Young","2022-07-29 19:51:57.582130","Chris Karu",635600.0,"Cameron Young",2022,1,208.0
797,"Wyndham Championship","Shane Lowry","2022-08-02 19:39:33.095919",DK,12994.0,"Adam Scott",2022,1,2.0
798,"Wyndham Championship","Corey Conners","2022-08-02 20:48:39.510022","Chris Karu",73608.0,"Webb Simpson",2022,1,38.0
799,"Wyndham Championship","Joohyung Kim","2022-08-03 14:01:46.565168",Sohale,1314000.0,"Webb Simpson",2022,1,500.0
800,"Wyndham Championship","Webb Simpson","2022-08-03 16:24:05.078802","Nick’s Price is Right ",0.0,"Cameron Champ",2022,1,0.0
801,"Wyndham Championship","Sungjae Im","2022-08-03 17:59:26.679842",lucas,1299400.0,"Webb Simpson",2022,2,245.0
802,"Wyndham Championship","Will Zalatoris","2022-08-03 18:04:18.401483","Thomas Davidson-park",73608.0,"Adam Scott",2022,1,38.0
803,"Wyndham Championship","Billy Horschel","2022-08-03 20:56:09.397193",smk,47937.0,"Russell Henley",2022,1,27.0
804,"Wyndham Championship","Webb Simpson","2022-08-03 22:18:54.906229",Andrew,0.0,"Adam Scott",2022,1,0.0
805,"Wyndham Championship","Shane Lowry","2022-08-04 01:25:26.321230","Brady Irwin",12994.0,"Billy Horschel",2022,1,2.0
806,"Wyndham Championship","John Huh","2022-08-05 10:22:59.409454",Gibber46,649700.0,"Adam Scott",2022,1,245.0
807,"Wyndham Championship","Cameron Champ","2022-08-08 11:23:20.497028","Nick’s Price is Right ",0.0,"Cameron Champ",2022,1,0.0
808,"Wyndham Championship","Adam Scott","2022-08-08 11:23:20.717060",Andrew,14016.0,"Adam Scott",2022,1,2.0
809,"FedEx St. Jude Championship","Tyrrell Hatton","2022-08-09 17:19:44.214568",DK,78886.0,"Joohyung Kim",2022,1,23.0
810,"FedEx St. Jude Championship","Billy Horschel","2022-08-09 17:25:21.231639",Andrew,0.0,"Aaron Wise",2022,1,0.0
811,"FedEx St. Jude Championship","Patrick Cantlay","2022-08-09 18:32:50.101942","Brady Irwin",34200.0,"Sungjae Im",2022,1,6.0
812,"FedEx St. Jude Championship","Scottie Scheffler","2022-08-09 19:18:20.871930","Thomas Davidson-park",0.0,"Joohyung Kim",2022,1,0.0
813,"FedEx St. Jude Championship","Billy Horschel","2022-08-10 15:49:08.989883","Chris Karu",0.0,"Aaron Rai",2022,1,0.0
814,"FedEx St. Jude Championship","Tony Finau","2022-08-10 19:04:49.880720",smk,480000.0,"Webb Simpson",2022,1,91.0
815,"FedEx St. Jude Championship","Sungjae Im","2022-08-10 19:52:07.786696",Sohale,348750.0,"Joaquin Niemann",2022,1,69.0
816,"FedEx St. Jude Championship","Will Zalatoris","2022-08-11 03:17:18.826497",lucas,0.0,"Aaron Wise",2022,0,0.0
817,"FedEx St. Jude Championship","Harold Varner III","2022-08-11 11:32:43.717125",Gibber46,0.0,"Kevin Kisner",2022,1,0.0
818,"FedEx St. Jude Championship","Si Woo Kim","2022-08-12 05:50:27.637307",lucas,54750.0,"Sahith Theegala",2022,1,14.0
819,"BMW Championship","Joaquin Niemann","2022-08-16 20:05:50.208613",Sohale,420000.0,"Hideki Matsuyama",2022,1,81.0
820,"BMW Championship","Matt Fitzpatrick","2022-08-16 21:11:27.909770","Thomas Davidson-park",38700.0,"Joohyung Kim",2022,1,10.0
821,"BMW Championship","Joohyung Kim","2022-08-16 21:13:50.153513",smk,34350.0,"Adam Scott",2022,1,7.0
822,"BMW Championship","Matt Fitzpatrick","2022-08-16 21:14:20.626669","Nick’s Price is Right ",38700.0,"Tyrrell Hatton",2022,1,10.0
823,"BMW Championship","Matt Fitzpatrick","2022-08-16 21:15:13.127375",DK,77400.0,"Adam Scott",2022,2,10.0
824,"BMW Championship","Will Zalatoris","2022-08-16 21:45:06.181098","Chris Karu",0.0,"Adam Scott",2022,1,0.0
825,"BMW Championship","Joohyung Kim","2022-08-17 16:12:54.737950",Andrew,34350.0,"Collin Morikawa",2022,1,7.0
826,"BMW Championship","Mito Pereira","2022-08-17 22:45:05.520213",Gibber46,34350.0,"Billy Horschel",2022,1,7.0
827,"BMW Championship","Hideki Matsuyama","2022-08-18 01:45:38.895788",lucas,67750.0,"Joohyung Kim",2022,1,19.0
828,"BMW Championship","Adam Scott","2022-08-22 12:49:29.999481","Chris Karu",547500.0,"Adam Scott",2022,1,105.0
829,"TOUR Championship","Adam Scott","2022-08-24 19:48:09.441495",Sohale,43000.0,"Adam Scott",2022,1,5.0
830,"TOUR Championship","Scott Stallings","2022-08-25 03:10:31.813352",Gibber46,0.0,"Scott Stallings",2022,1,-1.0
831,"Sony Open in Hawaii","Alex Smalley","2023-01-12 08:00:45.589148",smk,0.0,"Alex Smalley",2000,0,0.0
832,"Sony Open in Hawaii","J.J. Spaun","2023-01-12 13:28:26.415899",DK,0.0,"J.J. Spaun",2000,2,-2.0
833,"Sony Open in Hawaii","Alex Smalley","2023-01-14 00:34:01.554629",smk,37845.0,"Alex Smalley",2000,1,-1.0
834,"The American Express","Xander Schauffele","2023-01-17 22:55:16.987178",DK,0.0,"Xander Schauffele",2000,0,0.0
835,"The American Express","Sungjae Im","2023-01-18 16:27:38.884618","Thomas Davidson-park",366125.0,"Aaron Rai",2000,1,120.0
836,"The American Express","Xander Schauffele","2023-01-20 20:14:16.101695",DK,160515.0,"Xander Schauffele",2000,1,-1.0
837,"Farmers Insurance Open","Collin Morikawa","2023-01-24 16:51:46.087948",FrazzyFraz,600300.0,"Xander Schauffele",2023,1,190.0
838,"Farmers Insurance Open","Max Homa","2023-01-24 18:13:05.609456",smk,1566000.0,"Harris English",2023,1,500.0
839,"Farmers Insurance Open","Will Zalatoris","2023-01-24 18:38:41.928459","Nick’s Price is Right ",0.0,"Sungjae Im",2023,1,0.0
840,"Farmers Insurance Open","Maverick McNealy","2023-01-24 22:26:36.153661","Uncle Ricky ",50895.0,"Xander Schauffele",2023,1,23.0
841,"Farmers Insurance Open","Tony Finau","2023-01-24 22:35:18.950023",Backus,245775.0,"Will Zalatoris",2023,1,78.0
842,"Farmers Insurance Open","Max Homa","2023-01-25 04:38:11.297966","Brady Irwin",1566000.0,"Tony Finau",2023,1,500.0
843,"Farmers Insurance Open","Sungjae Im","2023-01-25 05:28:31.042629",DK,366125.0,"Jon Rahm",2023,1,115.0
844,"Farmers Insurance Open","Taylor Montgomery","2023-01-25 05:53:48.107039",Sohale,50895.0,"Max Homa",2023,1,23.0
845,"Farmers Insurance Open","Jon Rahm","2023-01-25 07:22:08.924247",Andrew,282750.0,"Sungjae Im",2023,1,88.0
846,"Farmers Insurance Open","Max Homa","2023-01-25 13:54:51.206622",Gibber46,1566000.0,"Harry Higgs",2023,1,500.0
847,"Farmers Insurance Open","Sahith Theegala","2023-01-25 15:48:25.711508","Chris Karu",366125.0,"Caleb Surratt",2023,1,115.0
848,"Farmers Insurance Open","Sungjae Im","2023-01-25 16:19:39.872867","Thomas Davidson-park",366125.0,"Jon Rahm",2023,1,115.0
849,"Farmers Insurance Open","Will Zalatoris","2023-01-25 16:52:13.566708",lucas,0.0,"Harris English",2023,1,0.0
850,"Farmers Insurance Open","Si Woo Kim","2023-01-25 17:18:14.466798","Jamil Rousseau",66845.0,"Jon Rahm",2023,1,32.0
851,"AT&T Pebble Beach Pro-Am","Maverick McNealy","2023-02-01 13:19:19.226102","Brady Irwin",0.0,"Jordan Spieth",2023,1,0.0
852,"AT&T Pebble Beach Pro-Am","Tom Hoge","2023-02-01 13:58:46.534113",DK,22821.0,"Jordan Spieth",2023,1,8.0
853,"AT&T Pebble Beach Pro-Am","Matt Fitzpatrick","2023-02-01 17:13:10.088257",FrazzyFraz,0.0,"Jordan Spieth",2023,1,0.0
854,"AT&T Pebble Beach Pro-Am","Tom Hoge","2023-02-01 17:25:38.191806","Thomas Davidson-park",22821.0,"Jordan Spieth",2023,1,8.0
855,"AT&T Pebble Beach Pro-Am","Maverick McNealy","2023-02-01 17:58:07.305665",Andrew,0.0,"Seamus Power",2023,1,0.0
856,"AT&T Pebble Beach Pro-Am","Andrew Putnam","2023-02-01 18:38:26.966267","Chris Karu",0.0,"Seamus Power",2023,1,0.0
857,"AT&T Pebble Beach Pro-Am","Jordan Spieth","2023-02-01 20:29:52.228116",Gibber46,19620.0,"Joel Dahmen",2023,1,4.0
858,"AT&T Pebble Beach Pro-Am","Jordan Spieth","2023-02-01 20:44:08.455796",smk,19620.0,"Justin Rose",2023,1,4.0
859,"AT&T Pebble Beach Pro-Am","Tom Hoge","2023-02-01 20:44:36.027589",Backus,22821.0,"Viktor Hovland",2023,1,8.0
860,"AT&T Pebble Beach Pro-Am","Seamus Power","2023-02-01 20:49:27.674338",Sohale,146250.0,"Scott Stallings",2023,1,51.0
861,"AT&T Pebble Beach Pro-Am","Matt Fitzpatrick","2023-02-01 23:12:05.814493","Nick’s Price is Right ",0.0,"Jordan Spieth",2023,1,0.0
862,"AT&T Pebble Beach Pro-Am","Seamus Power","2023-02-02 01:26:15.904119","Uncle Ricky ",146250.0,"Matt Fitzpatrick",2023,1,51.0
863,"AT&T Pebble Beach Pro-Am","Maverick McNealy","2023-02-02 02:38:48.053786",lucas,0.0,"Viktor Hovland",2023,1,0.0
864,"AT&T Pebble Beach Pro-Am","Seamus Power","2023-02-02 03:21:16.060366","Jamil Rousseau",146250.0,"Matt Fitzpatrick",2023,1,51.0
865,"AT&T Pebble Beach Pro-Am","Jordan Spieth","2023-02-07 00:40:38.835357","Brady Irwin",19620.0,"Jordan Spieth",2023,1,4.0
866,"AT&T Pebble Beach Pro-Am","Seamus Power","2023-02-07 00:40:39.046032",Andrew,146250.0,"Seamus Power",2023,1,51.0
867,"AT&T Pebble Beach Pro-Am","Viktor Hovland","2023-02-07 00:40:39.473692",lucas,182250.0,"Viktor Hovland",2023,1,58.0
868,"WM Phoenix Open","Collin Morikawa","2023-02-07 22:34:53.323827",DK,0.0,"J.T. Poston",2023,1,0.0
869,"WM Phoenix Open","Xander Schauffele","2023-02-07 22:37:14.227581","Nick’s Price is Right ",485000.0,"Jon Rahm",2023,1,68.0
870,"WM Phoenix Open","Sahith Theegala","2023-02-07 22:44:43.567208","Thomas Davidson-park",87000.0,"Rory McIlroy",2023,1,16.0
871,"WM Phoenix Open","Tony Finau","2023-02-07 22:51:18.313165",smk,335000.0,"Keegan Bradley",2023,1,52.0
872,"WM Phoenix Open","Max Homa","2023-02-07 22:51:32.188058","Chris Karu",87000.0,"Tony Finau",2023,1,16.0
873,"WM Phoenix Open","Cameron Young","2023-02-08 02:38:24.698642",Andrew,43400.0,"Tom Kim",2023,1,4.0
874,"WM Phoenix Open","Tom Kim","2023-02-08 10:09:23.665529",FrazzyFraz,48543.0,"Rory McIlroy",2023,1,7.0
875,"WM Phoenix Open","Xander Schauffele","2023-02-08 12:11:49.916921",Gibber46,485000.0,"Taylor Pendrith",2023,1,68.0
876,"WM Phoenix Open","Max Homa","2023-02-08 19:36:09.664330",Backus,87000.0,"Sungjae Im",2023,1,16.0
877,"WM Phoenix Open","Max Homa","2023-02-09 01:23:41.772883","Uncle Ricky ",87000.0,"Jon Rahm",2023,1,16.0
878,"WM Phoenix Open","Hideki Matsuyama","2023-02-09 01:32:14.382600",lucas,137000.0,"Taylor Montgomery",2023,1,28.0
879,"WM Phoenix Open","Collin Morikawa","2023-02-09 02:57:01.345782","Brady Irwin",0.0,"Tony Finau",2023,1,0.0
880,"WM Phoenix Open","Hideki Matsuyama","2023-02-09 06:06:36.953991",Sohale,137000.0,"Cameron Young",2023,1,28.0
881,"WM Phoenix Open","Xander Schauffele","2023-02-10 18:43:25.432446","Jamil Rousseau",485000.0,"Nick Taylor",2023,1,68.0
882,"The Genesis Invitational","Justin Thomas","2023-02-14 21:16:15.922269",FrazzyFraz,197667.0,"Jason Day",2023,1,43.0
883,"The Genesis Invitational","Justin Thomas","2023-02-14 21:40:08.676787",DK,197667.0,"Will Zalatoris",2023,1,43.0
884,"The Genesis Invitational","Adam Scott","2023-02-14 21:45:35.612445","Thomas Davidson-park",0.0,"Max Homa",2023,0,5.0
885,"The Genesis Invitational","Collin Morikawa","2023-02-14 22:03:56.074481","Nick’s Price is Right ",700000.0,"Jon Rahm",2023,1,100.0
886,"The Genesis Invitational","Max Homa","2023-02-14 22:21:13.902422","Jamil Rousseau",2180000.0,"Scottie Scheffler",2023,1,315.0
887,"The Genesis Invitational","Xander Schauffele","2023-02-14 23:11:52.284724",Backus,104429.0,"Will Zalatoris",2023,1,23.0
888,"The Genesis Invitational","Adam Scott","2023-02-15 02:33:22.660228",Gibber46,43000.0,"Tiger Woods",2023,1,5.0
889,"The Genesis Invitational","Sungjae Im","2023-02-15 10:41:47.855712",smk,46400.0,"Justin Rose",2023,1,6.0
890,"The Genesis Invitational","Jon Rahm","2023-02-15 19:05:17.356536","Chris Karu",7200000.0,"K.H. Lee",2023,2,550.0
891,"The Genesis Invitational","Viktor Hovland","2023-02-15 21:12:47.896928",Sohale,197667.0,"Sam Burns",2023,1,43.0
892,"The Genesis Invitational","Scottie Scheffler","2023-02-15 22:40:26.795828",Andrew,445000.0,"Tom Kim",2023,1,67.0
893,"The Genesis Invitational","Adam Scott","2023-02-16 00:35:12.217492",lucas,43000.0,"Tony Finau",2023,1,5.0
894,"The Genesis Invitational","Tony Finau","2023-02-16 00:50:08.488416","Brady Irwin",197667.0,"Viktor Hovland",2023,1,43.0
895,"The Genesis Invitational","Tony Finau","2023-02-16 04:32:31.371420","Uncle Ricky ",197667.0,"Justin Thomas",2023,1,43.0
896,"The Genesis Invitational","Max Homa","2023-02-18 06:57:41.226226","Thomas Davidson-park",2180000.0,"Max Homa",2023,1,315.0
897,"The Honda Classic","Harris English","2023-02-21 19:48:58.285543",FrazzyFraz,0.0,"Shane Lowry",2023,1,0.0
898,"The Honda Classic","Billy Horschel","2023-02-21 19:51:43.082019","Nick’s Price is Right ",28188.0,"Sungjae Im",2023,1,11.0
899,"The Honda Classic","Shane Lowry","2023-02-21 19:52:54.032516",DK,288120.0,"Davis Riley",2023,1,93.0
900,"The Honda Classic","Shane Lowry","2023-02-21 19:56:30.561865",smk,288120.0,"Matt Kuchar",2023,1,93.0
901,"The Honda Classic","Matt Kuchar","2023-02-21 19:56:47.555681","Thomas Davidson-park",0.0,"Aaron Rai",2023,1,0.0
902,"The Honda Classic","Min Woo Lee","2023-02-21 19:57:18.625787","Chris Karu",65100.0,"Harris English",2023,1,32.0
903,"The Honda Classic","Sungjae Im","2023-02-22 07:52:26.130171",Andrew,28188.0,"Shane Lowry",2023,1,11.0
904,"The Honda Classic","Billy Horschel","2023-02-22 14:53:53.207861","Jamil Rousseau",28188.0,"Shane Lowry",2023,1,11.0
905,"The Honda Classic","Taylor Pendrith","2023-02-22 19:12:19.856576",Gibber46,28188.0,"Sungjae Im",2023,1,11.0
906,"The Honda Classic","Billy Horschel","2023-02-23 03:09:46.951212",lucas,28188.0,"Cam Davis",2023,1,11.0
907,"The Honda Classic","Taylor Pendrith","2023-02-23 03:21:17.798875","Brady Irwin",28188.0,"Adam Svensson",2023,1,11.0
908,"The Honda Classic","Min Woo Lee","2023-02-23 04:23:03.914239",Backus,65100.0,"Shane Lowry",2023,1,32.0
909,"The Honda Classic","Sungjae Im","2023-02-23 06:28:36.071141",Sohale,28188.0,"Lee Hodges",2023,1,11.0
910,"Arnold Palmer Invitational pres. by Mastercard","Hideki Matsuyama","2023-02-28 18:59:24.372518",DK,0.0,"Jon Rahm",2023,1,0.0
911,"Arnold Palmer Invitational pres. by Mastercard","Rory McIlroy","2023-02-28 19:00:45.940318",FrazzyFraz,1780000.0,"Cameron Young",2023,1,258.0
912,"Arnold Palmer Invitational pres. by Mastercard","Will Zalatoris","2023-02-28 19:01:11.195806",smk,46950.0,"Viktor Hovland",2023,1,7.0
913,"Arnold Palmer Invitational pres. by Mastercard","Collin Morikawa","2023-02-28 19:28:11.873188","Thomas Davidson-park",0.0,"Jason Day",2023,1,0.0
914,"Arnold Palmer Invitational pres. by Mastercard","Scottie Scheffler","2023-02-28 19:30:08.758253","Nick’s Price is Right ",1600000.0,"Jon Rahm",2023,2,114.0
915,"Arnold Palmer Invitational pres. by Mastercard","Will Zalatoris","2023-02-28 19:31:24.076350","Chris Karu",46950.0,"Tom Kim",2023,1,7.0
916,"Arnold Palmer Invitational pres. by Mastercard","Patrick Cantlay","2023-02-28 21:00:16.713838","Jamil Rousseau",800000.0,"Rory McIlroy",2023,1,114.0
917,"Arnold Palmer Invitational pres. by Mastercard","Rory McIlroy","2023-03-01 17:40:40.479474",Gibber46,1780000.0,"Collin Morikawa",2023,1,258.0
918,"Arnold Palmer Invitational pres. by Mastercard","Scottie Scheffler","2023-03-01 19:24:34.785282",Backus,800000.0,"Collin Morikawa",2023,1,114.0
919,"Arnold Palmer Invitational pres. by Mastercard","Tyrrell Hatton","2023-03-02 03:33:01.005511",lucas,800000.0,"Jordan Spieth",2023,1,114.0
920,"Arnold Palmer Invitational pres. by Mastercard","Rory McIlroy","2023-03-02 03:47:28.113358","Brady Irwin",1780000.0,"Jon Rahm",2023,1,258.0
921,"Arnold Palmer Invitational pres. by Mastercard","Sungjae Im","2023-03-02 06:17:38.527689","Uncle Ricky ",226333.0,"Patrick Cantlay",2023,1,46.0
922,"Arnold Palmer Invitational pres. by Mastercard","Matt Fitzpatrick","2023-03-02 06:29:34.847995",Sohale,325000.0,"Will Zalatoris",2023,1,56.0
923,"THE PLAYERS Championship","Harris English","2023-03-07 16:59:49.608438","Nick’s Price is Right ",0.0,"Rory McIlroy",2023,1,0.0
924,"THE PLAYERS Championship","Will Zalatoris","2023-03-07 16:59:51.131382",DK,49750.0,"Rory McIlroy",2023,1,3.0
925,"THE PLAYERS Championship","Jon Rahm","2023-03-07 17:23:38.140487",FrazzyFraz,0.0,"Max Homa",2023,1,0.0
926,"THE PLAYERS Championship","Patrick Cantlay","2023-03-07 18:13:28.719103",smk,275000.0,"Jason Day",2023,1,46.0
927,"THE PLAYERS Championship","Rory McIlroy","2023-03-07 18:32:11.517614","Chris Karu",0.0,"Corey Conners",2023,1,0.0
928,"THE PLAYERS Championship","Jon Rahm","2023-03-07 19:58:21.682280",Backus,0.0,"Patrick Cantlay",2023,1,0.0
929,"THE PLAYERS Championship","Scottie Scheffler","2023-03-07 22:09:25.582978","Thomas Davidson-park",9000000.0,"Hideki Matsuyama",2023,2,600.0
930,"THE PLAYERS Championship","Rory McIlroy","2023-03-08 16:59:24.166715",Andrew,0.0,"Patrick Cantlay",2023,1,0.0
931,"THE PLAYERS Championship","Tony Finau","2023-03-08 20:41:32.568633","Jamil Rousseau",275000.0,"Matt Fitzpatrick",2023,1,46.0
932,"THE PLAYERS Championship","Corey Conners","2023-03-08 22:07:42.799830",lucas,0.0,"Jason Day",2023,1,0.0
933,"THE PLAYERS Championship","Jon Rahm","2023-03-09 01:37:15.585854",Gibber46,0.0,"Billy Horschel",2023,1,0.0
934,"THE PLAYERS Championship","Viktor Hovland","2023-03-09 02:51:25.830808","Brady Irwin",1475000.0,"Justin Thomas",2023,1,180.0
935,"THE PLAYERS Championship","Jason Day","2023-03-09 06:07:39.738740",Sohale,275000.0,"Patrick Cantlay",2023,1,46.0
937,"THE PLAYERS Championship","Max Homa","2023-03-14 13:45:20.594056",FrazzyFraz,736607.0,"Max Homa",2023,1,89.0
938,"THE PLAYERS Championship","Patrick Cantlay","2023-03-14 13:45:20.821863",Backus,275000.0,"Patrick Cantlay",2023,1,46.0
939,"THE PLAYERS Championship","Billy Horschel","2023-03-14 13:45:21.107501",Gibber46,0.0,"Billy Horschel",2023,1,0.0
940,"THE PLAYERS Championship","Jon Rahm","2023-03-14 13:49:33.860699","Uncle Ricky ",0.0,"Adam Long",2023,1,0.0
941,"Valspar Championship","Adam Hadwin","2023-03-14 18:10:21.002631",DK,0.0,"Jordan Spieth",2023,1,0.0
942,"Valspar Championship","Justin Rose","2023-03-14 18:12:12.292453","Nick’s Price is Right ",35280.0,"Justin Thomas",2023,1,16.0
943,"Valspar Championship","Sam Ryder","2023-03-14 18:13:32.185242",smk,89100.0,"Matt Fitzpatrick",2023,1,40.0
944,"Valspar Championship","Sam Burns","2023-03-14 18:31:36.883871","Thomas Davidson-park",293625.0,"Tommy Fleetwood",2023,1,100.0
945,"Valspar Championship","Sam Burns","2023-03-14 20:49:20.796051",Backus,293625.0,"Jordan Spieth",2023,1,100.0
946,"Valspar Championship","Denny McCarthy","2023-03-14 21:02:29.174936",FrazzyFraz,89100.0,"Denny McCarthy",2023,1,40.0
947,"Valspar Championship","Justin Suh","2023-03-15 16:00:02.676813","Chris Karu",21519.0,"Adam Hadwin",2023,1,8.0
948,"Valspar Championship","Tommy Fleetwood","2023-03-15 17:22:31.125809","Jamil Rousseau",477900.0,"Adam Hadwin",2023,1,162.0
949,"Valspar Championship","Sam Burns","2023-03-15 19:30:47.049588",Andrew,293625.0,"Adam Hadwin",2023,1,100.0
950,"Valspar Championship","Justin Thomas","2023-03-15 22:41:15.826559",lucas,181575.0,"Adam Hadwin",2023,1,64.0
951,"Valspar Championship","Adam Hadwin","2023-03-15 23:03:38.069760","Brady Irwin",0.0,"Justin Rose",2023,1,0.0
952,"Valspar Championship","Sam Burns","2023-03-16 00:28:37.046382",Gibber46,293625.0,"Adam Hadwin",2023,1,100.0
953,"Valspar Championship","Adam Hadwin","2023-03-16 05:25:57.159753",Sohale,0.0,"Justin Suh",2023,1,0.0
954,"WGC-Dell Technologies Match Play","Xander Schauffele","2023-03-21 17:16:43.382880",smk,645000.0,"Tyrrell Hatton",2023,1,101.0
955,"WGC-Dell Technologies Match Play","Jason Day","2023-03-21 17:17:21.390904","Thomas Davidson-park",645000.0,"Cameron Young",2023,1,101.0
956,"WGC-Dell Technologies Match Play","Max Homa","2023-03-21 17:17:31.791854",DK,365000.0,"Xander Schauffele",2023,1,68.25
957,"WGC-Dell Technologies Match Play","Patrick Cantlay","2023-03-21 17:23:12.429140","Uncle Ricky ",365000.0,"Collin Morikawa",2023,1,68.25
958,"WGC-Dell Technologies Match Play","Kevin Kisner","2023-03-21 17:24:42.682871","Chris Karu",113761.9,"Billy Horschel",2023,1,17.729
959,"WGC-Dell Technologies Match Play","Will Zalatoris","2023-03-21 17:26:04.030944","Jamil Rousseau",67500.0,"Collin Morikawa",2023,1,5.327
960,"WGC-Dell Technologies Match Play","Tyrrell Hatton","2023-03-21 17:33:59.760253","Nick’s Price is Right ",67500.0,"Tony Finau",2023,1,5.327
961,"WGC-Dell Technologies Match Play","Collin Morikawa","2023-03-21 17:52:49.284794",Andrew,166000.0,"Jordan Spieth",2023,1,33.433
962,"WGC-Dell Technologies Match Play","Sungjae Im","2023-03-21 21:18:22.125790",Backus,219909.09,"Tommy Fleetwood",2023,1,46.176
963,"WGC-Dell Technologies Match Play","Rickie Fowler","2023-03-21 21:18:55.349504",Gibber46,219909.09,"Cameron Young",2023,1,46.176
964,"WGC-Dell Technologies Match Play","Tommy Fleetwood","2023-03-21 23:00:52.077740",lucas,74957.15,"Max Homa",2023,1,7.094
965,"WGC-Dell Technologies Match Play","Jason Day","2023-03-22 00:33:58.770347",FrazzyFraz,645000.0,"Tyrrell Hatton",2023,1,101.0
966,"WGC-Dell Technologies Match Play","Tyrrell Hatton","2023-03-22 00:52:41.534245","Brady Irwin",67500.0,"Jon Rahm",2023,1,5.327
967,"WGC-Dell Technologies Match Play","Patrick Cantlay","2023-03-22 05:20:29.307823",Sohale,365000.0,"Tony Finau",2023,1,68.25
968,"Valero Texas Open","Chris Kirk","2023-03-28 23:58:08.854329","Thomas Davidson-park",206925.0,"Rickie Fowler",2023,1,65.0
969,"Valero Texas Open","Corey Conners","2023-03-29 01:48:27.693054","Nick’s Price is Right ",1602000.0,"J.J. Spaun",2023,1,500.0
970,"Valero Texas Open","Rickie Fowler","2023-03-29 03:20:04.524039",FrazzyFraz,206925.0,"Si Woo Kim",2023,1,65.0
971,"Valero Texas Open","Corey Conners","2023-03-29 14:29:19.441036",Gibber46,1602000.0,"Nick Hardy",2023,1,500.0
972,"Valero Texas Open","Nick Taylor","2023-03-29 14:48:06.419595",DK,135725.0,"Cam Davis",2023,1,49.0
973,"Valero Texas Open","Si Woo Kim","2023-03-29 19:41:08.574503",Sohale,36045.0,"Matt Kuchar",2023,1,14.0
974,"Valero Texas Open","Corey Conners","2023-03-29 20:46:55.046812",Backus,1602000.0,"Matt Kuchar",2023,1,500.0
975,"Valero Texas Open","Tyrrell Hatton","2023-03-29 22:27:13.451042",smk,0.0,"Hideki Matsuyama",2023,1,0.0
976,"Valero Texas Open","Hideki Matsuyama","2023-03-30 00:33:35.142891","Brady Irwin",135725.0,"Rickie Fowler",2023,1,49.0
977,"Valero Texas Open","Aaron Rai","2023-03-30 03:07:04.412310","Chris Karu",55922.0,"Hayden Buckley",2023,1,25.0
978,"Valero Texas Open","Chris Kirk","2023-03-30 04:58:03.429862","Uncle Ricky ",206925.0,"Tyrrell Hatton",2023,1,65.0
979,"Valero Texas Open","Corey Conners","2023-03-30 05:59:20.890386",Andrew,1602000.0,"Matt Kuchar",2023,1,500.0
980,"Valero Texas Open","Christiaan Bezuidenhout","2023-03-30 08:06:56.612984",lucas,55922.0,"Si Woo Kim",2023,1,25.0
981,"Valero Texas Open","Corey Conners","2023-03-30 12:36:45.839870","Jamil Rousseau",1602000.0,"J.J. Spaun",2023,1,500.0
982,"Masters Tournament","Rory McIlroy","2023-04-04 18:45:13.050356","Thomas Davidson-park",0.0,"Hideki Matsuyama",2023,1,0.0
983,"Masters Tournament","Rory McIlroy","2023-04-04 21:45:28.989856",smk,0.0,"Jon Rahm",2023,0,0.0
984,"Masters Tournament","Rory McIlroy","2023-04-05 02:43:46.822797",DK,0.0,"Scottie Scheffler",2023,1,0.0
985,"Masters Tournament","Brooks Koepka","2023-04-05 02:46:11.486519","Nick’s Price is Right ",1584000.0,"Cameron Smith",2023,1,270.0
986,"Masters Tournament","Cameron Smith","2023-04-05 03:36:49.115725",Gibber46,0.0,"Brooks Koepka",2023,0,23.0
987,"Masters Tournament","Cameron Smith","2023-04-05 04:58:43.903619",Andrew,97200.0,"Mito Pereira",2023,1,23.0
988,"Masters Tournament","Patrick Reed","2023-04-05 06:25:15.731233",FrazzyFraz,744000.0,"Dustin Johnson",2023,1,127.0
989,"Masters Tournament","Jordan Spieth","2023-04-05 16:09:56.683687","Chris Karu",744000.0,"Cameron Smith",2023,1,127.0
990,"Masters Tournament","Rory McIlroy","2023-04-05 16:56:05.033403",Backus,0.0,"Cameron Smith",2023,1,0.0
991,"Masters Tournament","Taylor Moore","2023-04-05 17:51:07.949210",FrazzyFraz,0.0,"Taylor Moore",2023,0,0.0
992,"Masters Tournament","Jon Rahm","2023-04-05 20:05:47.633521",Sohale,6480000.0,"Tony Finau",2023,2,600.0
993,"Masters Tournament","Brooks Koepka","2023-04-05 23:08:00.610676",lucas,0.0,"Brooks Koepka",2023,0,0.0
994,"Masters Tournament","Scottie Scheffler","2023-04-06 03:20:54.405996","Brady Irwin",432000.0,"Xander Schauffele",2023,1,75.0
995,"Masters Tournament","Cameron Smith","2023-04-06 13:39:50.577399","Jamil Rousseau",97200.0,"Tiger Woods",2023,1,23.0
996,"Masters Tournament","Brooks Koepka","2023-04-07 16:18:23.300410",Gibber46,1584000.0,"Brooks Koepka",2023,1,270.0
997,"Masters Tournament","Brooks Koepka","2023-04-08 14:22:26.936656",lucas,1584000.0,"Brooks Koepka",2023,1,270.0
998,"Masters Tournament","Jon Rahm","2023-04-08 14:32:27.543351",smk,3240000.0,"Jon Rahm",2023,1,600.0
999,"RBC Heritage","Tony Finau","2023-04-11 17:04:03.045590",DK,0.0,"Scottie Scheffler",2023,0,21.0
1000,"RBC Heritage","Viktor Hovland","2023-04-11 17:10:30.768052","Nick’s Price is Right ",44800.0,"Patrick Cantlay",2023,1,5.0
1001,"RBC Heritage","Jordan Spieth","2023-04-11 21:05:03.328882","Thomas Davidson-park",2180000.0,"Tyrrell Hatton",2023,1,300.0
1002,"RBC Heritage","Viktor Hovland","2023-04-11 21:39:35.913382",FrazzyFraz,44800.0,"Patrick Cantlay",2023,1,5.0
1003,"RBC Heritage","Collin Morikawa","2023-04-12 11:23:58.222538",smk,107400.0,"Russell Henley",2023,1,21.0
1004,"RBC Heritage","Tony Finau","2023-04-12 15:17:01.653028","Chris Karu",107400.0,"Tom Kim",2023,1,21.0
1005,"RBC Heritage","Sungjae Im","2023-04-12 23:12:58.930819",lucas,607500.0,"Matt Kuchar",2023,1,82.0
1006,"RBC Heritage","Jordan Spieth","2023-04-13 00:12:17.951496","Jamil Rousseau",2180000.0,"Scottie Scheffler",2023,1,300.0
1007,"RBC Heritage","Patrick Cantlay","2023-04-13 00:37:10.363124",Gibber46,1380000.0,"Akshay Bhatia",2023,1,190.0
1008,"RBC Heritage","Justin Rose","2023-04-13 01:13:32.711697","Uncle Ricky ",160500.0,"Viktor Hovland",2023,1,33.0
1009,"RBC Heritage","Collin Morikawa","2023-04-13 01:45:52.826067",Backus,107400.0,"Justin Thomas",2023,1,21.0
1010,"RBC Heritage","Cameron Young","2023-04-13 03:11:39.438500","Brady Irwin",49133.0,"J.T. Poston",2023,1,8.0
1011,"RBC Heritage","Cameron Young","2023-04-13 05:42:30.056648",Sohale,49133.0,"Shane Lowry",2023,1,8.0
1012,"RBC Heritage","Jordan Spieth","2023-04-13 06:20:01.250969",Andrew,2180000.0,"Max Homa",2023,1,300.0
1013,"RBC Heritage","Scottie Scheffler","2023-04-14 21:59:01.037133",DK,445000.0,"Scottie Scheffler",2023,1,63.0
1014,"Zurich Classic of New Orleans","Patrick Cantlay","2023-04-19 00:04:45.843198",FrazzyFraz,276225.0,"Sungjae Im",2023,1,82.5
1015,"Zurich Classic of New Orleans","Keith Mitchell","2023-04-19 09:42:52.445024",smk,208550.0,"Tom Kim",2023,1,67.5
1016,"Zurich Classic of New Orleans","Xander Schauffele","2023-04-19 12:35:29.869269",DK,276225.0,"Joel Dahmen",2023,1,82.5
1017,"Zurich Classic of New Orleans","Keith Mitchell","2023-04-19 15:22:27.335497",lucas,208550.0,"John Daly",2023,1,67.5
1018,"Zurich Classic of New Orleans","Billy Horschel","2023-04-19 15:38:40.130493","Thomas Davidson-park",93632.5,"Justin Suh",2023,1,40.0
1019,"Zurich Classic of New Orleans","Sam Burns","2023-04-19 16:20:59.029189","Nick’s Price is Right ",93632.5,"Patrick Cantlay",2023,1,40.0
1020,"Zurich Classic of New Orleans","Patrick Cantlay","2023-04-19 16:50:16.062843","Chris Karu",276225.0,"Aaron Baddeley",2023,1,82.5
1021,"Zurich Classic of New Orleans","Collin Morikawa","2023-04-19 19:21:17.448498",Gibber46,0.0,"Sahith Theegala",2023,1,0.0
1022,"Zurich Classic of New Orleans","Keith Mitchell","2023-04-19 19:53:02.855447",Sohale,208550.0,"Max Homa",2023,1,67.5
1023,"Zurich Classic of New Orleans","Billy Horschel","2023-04-20 03:03:37.313415","Brady Irwin",93632.5,"Xander Schauffele",2023,1,40.0
1024,"Zurich Classic of New Orleans","Keith Mitchell","2023-04-20 06:39:00.564418",Andrew,208550.0,"Justin Suh",2023,1,67.5
1025,"Zurich Classic of New Orleans","Keith Mitchell","2023-04-20 13:20:18.311832","Jamil Rousseau",208550.0,"Collin Morikawa",2023,1,67.5
1026,"Mexico Open","Wyndham Clark","2023-04-25 19:33:48.768581",smk,62755.0,"Taylor Pendrith",2023,1,33.0
1027,"Mexico Open","Jon Rahm","2023-04-25 20:02:50.609909",DK,839300.0,"Gary Woodland",2023,1,300.0
1028,"Mexico Open","Tony Finau","2023-04-25 20:09:38.482692","Thomas Davidson-park",1386000.0,"Aaron Rai",2023,1,500.0
1029,"Mexico Open","Gary Woodland","2023-04-25 21:18:11.963746","Nick’s Price is Right ",30415.0,"Jon Rahm",2023,1,14.0
1030,"Mexico Open","Nicolai Højgaard","2023-04-25 21:33:14.473415","Chris Karu",41067.0,"Gary Woodland",2023,1,21.0
1031,"Mexico Open","Tony Finau","2023-04-25 21:39:28.175095",lucas,2772000.0,"Erik van Rooyen",2023,2,500.0
1032,"Mexico Open","Tony Finau","2023-04-25 22:17:20.082003",Andrew,2772000.0,"Wyndham Clark",2023,2,500.0
1033,"Mexico Open","Maverick McNealy","2023-04-25 22:36:41.516065",Backus,16940.0,"Gary Woodland",2023,1,4.0
1034,"Mexico Open","Tony Finau","2023-04-26 13:16:58.686895",Gibber46,2772000.0,"Lee Hodges",2023,2,500.0
1035,"Mexico Open","Tony Finau","2023-04-26 13:32:38.150449",FrazzyFraz,2772000.0,"Gary Woodland",2023,2,500.0
1036,"Mexico Open","Jon Rahm","2023-04-26 21:15:58.665050","Jamil Rousseau",1678600.0,"Gary Woodland",2023,2,300.0
1037,"Mexico Open","Patrick Rodgers","2023-04-27 03:08:08.103094","Brady Irwin",179025.0,"Jon Rahm",2023,1,65.0
1038,"Mexico Open","Nicolai Højgaard","2023-04-27 05:16:50.433333",Sohale,41067.0,"Aaron Rai",2023,1,21.0
1039,"Wells Fargo Championship","Cameron Young","2023-05-02 16:42:33.314637",DK,44600.0,"Sam Burns",2023,1,5.0
1040,"Wells Fargo Championship","Patrick Cantlay","2023-05-02 17:12:30.994632",Andrew,235000.0,"Jason Day",2023,1,42.0
1041,"Wells Fargo Championship","Xander Schauffele","2023-05-02 17:41:49.095866","Thomas Davidson-park",2180000.0,"Patrick Cantlay",2023,1,300.0
1042,"Wells Fargo Championship","Patrick Cantlay","2023-05-02 17:45:43.063055","Nick’s Price is Right ",235000.0,"Rory McIlroy",2023,1,42.0
1043,"Wells Fargo Championship","Sungjae Im","2023-05-02 20:34:07.173826",FrazzyFraz,525000.0,"Keith Mitchell",2023,1,72.0
1044,"Wells Fargo Championship","Cameron Young","2023-05-02 22:10:49.961558","Jamil Rousseau",44600.0,"Rory McIlroy",2023,1,5.0
1045,"Wells Fargo Championship","Viktor Hovland","2023-05-03 00:02:47.194004",smk,69000.0,"Cameron Young",2023,1,12.0
1046,"Wells Fargo Championship","Jason Day","2023-05-03 21:30:51.983795",Gibber46,0.0,"Joel Dahmen",2023,1,0.0
1047,"Wells Fargo Championship","Jason Day","2023-05-03 22:28:36.854145","Chris Karu",0.0,"Keegan Bradley",2023,1,0.0
1048,"Wells Fargo Championship","Rory McIlroy","2023-05-04 04:58:43.200605",lucas,51222.0,"Brian Harman",2023,1,8.0
1049,"Wells Fargo Championship","Rory McIlroy","2023-05-04 05:12:39.309102",Sohale,51222.0,"Tony Finau",2023,1,8.0
1050,"AT&T Byron Nelson","Hideki Matsuyama","2023-05-09 18:07:16.607551","Nick’s Price is Right ",80546.0,"Tom Kim",2023,1,34.0
1051,"AT&T Byron Nelson","K.H. Lee","2023-05-09 18:19:00.716162","Thomas Davidson-park",22216.0,"Hideki Matsuyama",2023,1,6.0
1052,"AT&T Byron Nelson","K.H. Lee","2023-05-09 19:05:46.240356",DK,22216.0,"Adam Scott",2023,1,6.0
1053,"AT&T Byron Nelson","Tyrrell Hatton","2023-05-09 20:59:17.991687",FrazzyFraz,0.0,"Scottie Scheffler",2023,0,100.0
1054,"AT&T Byron Nelson","Jason Day","2023-05-09 22:56:27.701591",smk,1710000.0,"Hideki Matsuyama",2023,1,500.0
1055,"AT&T Byron Nelson","Jason Day","2023-05-09 23:37:43.577089",Andrew,1710000.0,"K.H. Lee",2023,1,500.0
1056,"AT&T Byron Nelson","Tom Hoge","2023-05-10 01:27:48.673927",Gibber46,30115.0,"Adam Hadwin",2023,1,11.0
1057,"AT&T Byron Nelson","Tyrrell Hatton","2023-05-10 03:56:22.345150","Jamil Rousseau",0.0,"Scottie Scheffler",2023,0,100.0
1058,"AT&T Byron Nelson","Tyrrell Hatton","2023-05-10 16:42:31.076749","Chris Karu",351500.0,"Cameron Champ",2023,1,100.0
1059,"AT&T Byron Nelson","Scottie Scheffler","2023-05-10 22:24:39.886987",lucas,351500.0,"Scott Stallings",2023,1,100.0
1060,"AT&T Byron Nelson","Scottie Scheffler","2023-05-11 05:02:48.600476",Sohale,351500.0,"Tom Kim",2023,1,100.0
1061,"AT&T Byron Nelson","K.H. Lee","2023-05-11 10:05:20.891428","Brady Irwin",22216.0,"Jason Day",2023,1,6.0
1062,"AT&T Byron Nelson","Scottie Scheffler","2023-05-12 21:33:04.126824","Jamil Rousseau",351500.0,"Scottie Scheffler",2023,1,100.0
1063,"AT&T Byron Nelson","Scottie Scheffler","2023-05-12 22:34:23.764360",FrazzyFraz,351500.0,"Scottie Scheffler",2023,1,100.0
1064,"PGA Championship","Cameron Young","2023-05-16 18:15:29.384070",FrazzyFraz,0.0,"Sahith Theegala",2023,1,0.0
1065,"PGA Championship","Dustin Johnson","2023-05-16 18:44:16.835443",Andrew,35000.0,"Brooks Koepka",2023,1,7.0
1066,"PGA Championship","Brooks Koepka","2023-05-16 18:45:45.481696",DK,6300000.0,"Dustin Johnson",2023,2,600.0
1067,"PGA Championship","Cameron Smith","2023-05-16 18:46:30.973018",lucas,465000.0,"Dustin Johnson",2023,1,82.0
1068,"PGA Championship","Cameron Smith","2023-05-16 18:47:42.455343","Nick’s Price is Right ",465000.0,"Jon Rahm",2023,1,82.0
1069,"PGA Championship","Brooks Koepka","2023-05-16 19:19:49.791721",Backus,6300000.0,"Adam Hadwin",2023,2,600.0
1070,"PGA Championship","Scottie Scheffler","2023-05-16 21:29:09.262881",smk,1540000.0,"Cameron Young",2023,1,270.0
1071,"PGA Championship","Dustin Johnson","2023-05-16 23:40:38.076288","Thomas Davidson-park",35000.0,"Cameron Smith",2023,1,7.0
1072,"PGA Championship","Dustin Johnson","2023-05-17 12:30:32.901321",Gibber46,35000.0,"Justin Thomas",2023,1,7.0
1073,"PGA Championship","Scottie Scheffler","2023-05-17 17:07:30.400375","Chris Karu",1540000.0,"Tom Kim",2023,1,270.0
1074,"PGA Championship","Jon Rahm","2023-05-18 04:18:49.765295","Brady Irwin",37625.0,"Brooks Koepka",2023,1,9.0
1075,"PGA Championship","Xander Schauffele","2023-05-18 05:15:39.401223",Sohale,214400.0,"Brooks Koepka",2023,1,51.0
1076,"Charles Schwab Challenge","Justin Rose","2023-05-23 17:23:04.999534",FrazzyFraz,178350.0,"Chris Kirk",2023,1,59.0
1077,"Charles Schwab Challenge","Max Homa","2023-05-23 17:32:56.824267","Nick’s Price is Right ",237075.0,"Jordan Spieth",2023,1,75.0
1078,"Charles Schwab Challenge","Tommy Fleetwood","2023-05-23 17:41:03.837267",DK,0.0,"Justin Rose",2023,1,0.0
1079,"Charles Schwab Challenge","Sam Burns","2023-05-23 17:42:33.854469",smk,293625.0,"Kevin Kisner",2023,1,92.0
1080,"Charles Schwab Challenge","Viktor Hovland","2023-05-23 18:28:26.057269","Thomas Davidson-park",132675.0,"Justin Rose",2023,1,49.0
1081,"Charles Schwab Challenge","Viktor Hovland","2023-05-24 14:30:12.041408",Gibber46,132675.0,"Michael Block",2023,1,49.0
1082,"Charles Schwab Challenge","Justin Rose","2023-05-24 18:20:00.512853","Chris Karu",178350.0,"Taylor Moore",2023,1,59.0
1083,"Charles Schwab Challenge","Max Homa","2023-05-24 19:53:35.734152",Andrew,237075.0,"Viktor Hovland",2023,1,75.0
1084,"Charles Schwab Challenge","Justin Rose","2023-05-24 20:01:07.672969","Jamil Rousseau",178350.0,"Chez Reavie",2023,1,59.0
1085,"Charles Schwab Challenge","Justin Rose","2023-05-25 02:07:35.949945",Backus,178350.0,"Jordan Spieth",2023,1,59.0
1086,"Charles Schwab Challenge","Collin Morikawa","2023-05-25 05:52:36.802144",Sohale,50104.0,"Cam Davis",2023,1,23.0
1087,"Charles Schwab Challenge","Rickie Fowler","2023-05-25 12:56:19.566724","Brady Irwin",293625.0,"Cam Davis",2023,1,92.0
1088,"The Memorial Tournament pres. by Workday","Xander Schauffele","2023-05-30 21:53:37.421791",Andrew,163000.0,"Justin Thomas",2023,1,38.0
1089,"The Memorial Tournament pres. by Workday","Patrick Cantlay","2023-05-30 22:10:11.946334",lucas,117250.0,"Rickie Fowler",2023,1,26.0
1090,"The Memorial Tournament pres. by Workday","Patrick Cantlay","2023-05-30 22:17:12.476335","Thomas Davidson-park",117250.0,"Jon Rahm",2023,1,26.0
1091,"The Memorial Tournament pres. by Workday","Adam Scott","2023-05-30 22:28:14.803250",FrazzyFraz,545000.0,"Sahith Theegala",2023,1,78.0
1092,"The Memorial Tournament pres. by Workday","Jon Rahm","2023-05-30 22:31:57.705729","Nick’s Price is Right ",275500.0,"Si Woo Kim",2023,1,51.0
1093,"The Memorial Tournament pres. by Workday","Viktor Hovland","2023-05-31 13:56:24.247349",DK,3600000.0,"Tyrrell Hatton",2023,1,550.0
1094,"The Memorial Tournament pres. by Workday","Cameron Young","2023-05-31 14:16:10.446569",smk,0.0,"Emiliano Grillo",2023,1,0.0
1095,"The Memorial Tournament pres. by Workday","Collin Morikawa","2023-05-31 15:13:18.973666","Jamil Rousseau",0.0,"Justin Thomas",2023,1,0.0
1096,"The Memorial Tournament pres. by Workday","Jason Day","2023-05-31 15:46:35.279743",Backus,0.0,"Cameron Young",2023,1,0.0
1097,"The Memorial Tournament pres. by Workday","Tyrrell Hatton","2023-05-31 19:51:58.613799",Sohale,410000.0,"Corey Conners",2023,1,64.0
1098,"The Memorial Tournament pres. by Workday","Mackenzie Hughes","2023-05-31 21:41:26.432464",Gibber46,0.0,"Jason Dufner",2023,1,0.0
1099,"The Memorial Tournament pres. by Workday","Patrick Cantlay","2023-06-01 02:48:08.165599","Brady Irwin",234500.0,"Corey Conners",2023,2,26.0
1100,"The Memorial Tournament pres. by Workday","Davis Riley","2023-06-02 01:59:23.849523","Chris Karu",47200.0,"Matt Wallace",2023,1,7.0
1101,"The Memorial Tournament pres. by Workday","Justin Thomas","2023-06-05 13:02:57.769075","Jamil Rousseau",0.0,"Justin Thomas",2023,1,0.0
1102,"RBC Canadian Open","Sahith Theegala","2023-06-06 20:16:34.491025",FrazzyFraz,39150.0,"Corey Conners",2023,1,16.0
1103,"RBC Canadian Open","Sahith Theegala","2023-06-06 21:15:26.395158",smk,0.0,"Justin Rose",2023,0,16.0
1104,"RBC Canadian Open","Justin Rose","2023-06-06 21:15:41.837660",DK,281250.0,"Sahith Theegala",2023,1,85.0
1105,"RBC Canadian Open","Shane Lowry","2023-06-06 21:21:43.368060","Thomas Davidson-park",28530.0,"Justin Rose",2023,1,11.0
1106,"RBC Canadian Open","Shane Lowry","2023-06-06 21:35:30.763550","Nick’s Price is Right ",28530.0,"Keith Mitchell",2023,1,11.0
1107,"RBC Canadian Open","Cameron Young","2023-06-07 10:29:32.566090",Gibber46,20160.0,"Adam Hadwin",2023,1,5.0
1108,"RBC Canadian Open","Cameron Young","2023-06-07 16:12:47.557810","Chris Karu",20160.0,"Adam Hadwin",2023,1,5.0
1109,"RBC Canadian Open","Justin Rose","2023-06-07 20:05:09.813205",Sohale,0.0,"Justin Rose",2023,0,0.0
1110,"RBC Canadian Open","Justin Rose","2023-06-08 04:50:06.846850",lucas,281250.0,"Adrian Meronk",2023,1,85.0
1112,"RBC Canadian Open","Aaron Rai","2023-06-09 02:46:41.943381","Nick’s Price is Right ",477000.0,"Tommy Fleetwood",2023,1,145.0
1113,"RBC Canadian Open","Matt Fitzpatrick","2023-06-09 07:32:26.274128",Andrew,102330.0,"Justin Rose",2023,1,41.0
1114,"RBC Canadian Open","Corey Conners","2023-06-09 07:59:26.987746",smk,102330.0,"Matt Fitzpatrick",2023,1,41.0
1115,"RBC Canadian Open","Justin Rose","2023-06-10 05:23:07.466845",Sohale,281250.0,"Justin Rose",2023,1,85.0
1116,"U.S. Open","Brooks Koepka","2023-06-13 16:03:41.849587",smk,284167.0,"Cameron Smith",2023,1,56.0
1117,"U.S. Open","Brooks Koepka","2023-06-13 16:06:01.015586","Thomas Davidson-park",284167.0,"Bryson DeChambeau",2023,1,56.0
1118,"U.S. Open","Brooks Koepka","2023-06-13 16:09:02.415481","Jamil Rousseau",284167.0,"Hideki Matsuyama",2023,1,56.0
1119,"U.S. Open","Brooks Koepka","2023-06-13 16:17:24.045607",FrazzyFraz,284167.0,"Mito Pereira",2023,1,56.0
1120,"U.S. Open","Dustin Johnson","2023-06-13 16:18:57.930217","Nick’s Price is Right ",435018.0,"Bryson DeChambeau",2023,1,75.0
1121,"U.S. Open","Patrick Cantlay","2023-06-13 16:19:19.513375",DK,0.0,"Jordan Spieth",2023,0,0.0
1122,"U.S. Open","Brooks Koepka","2023-06-13 17:02:36.929342",Andrew,284167.0,"Bryson DeChambeau",2023,1,56.0
1123,"U.S. Open","Bryson DeChambeau","2023-06-14 14:07:03.089613",Sohale,200152.0,"Brooks Koepka",2023,1,44.0
1124,"U.S. Open","Justin Thomas","2023-06-14 15:07:03.485879",Gibber46,0.0,"Justin Rose",2023,1,0.0
1125,"U.S. Open","Bryson DeChambeau","2023-06-14 20:29:52.898004",lucas,200152.0,"Patrick Reed",2023,1,44.0
1126,"U.S. Open","Justin Thomas","2023-06-14 23:04:20.754558",Backus,0.0,"Shane Lowry",2023,1,0.0
1127,"U.S. Open","Brooks Koepka","2023-06-15 02:13:12.834996","Brady Irwin",284167.0,"Cameron Smith",2023,1,56.0
1128,"U.S. Open","Dustin Johnson","2023-06-16 12:35:41.834784",DK,435018.0,"Rickie Fowler",2023,1,75.0
1129,"Travelers Championship","Xander Schauffele","2023-06-20 18:26:57.745281",FrazzyFraz,245800.0,"Tommy Fleetwood",2023,1,43.0
1130,"Travelers Championship","Min Woo Lee","2023-06-20 19:03:10.939704",DK,525000.0,"Tom Kim",2023,1,72.0
1131,"Travelers Championship","Sahith Theegala","2023-06-20 19:09:37.627768","Nick’s Price is Right ",47900.0,"Brian Harman",2023,1,7.0
1132,"Travelers Championship","Tommy Fleetwood","2023-06-20 19:11:45.976868","Thomas Davidson-park",0.0,"Jon Rahm",2023,1,0.0
1133,"Travelers Championship","Tommy Fleetwood","2023-06-20 20:36:25.609812",Andrew,0.0,"Tom Kim",2023,1,0.0
1134,"Travelers Championship","Rickie Fowler","2023-06-20 22:11:19.306487",lucas,405000.0,"Cam Davis",2023,1,58.0
1135,"Travelers Championship","Tommy Fleetwood","2023-06-21 12:53:51.897079",smk,0.0,"Justin Suh",2023,1,0.0
1136,"Travelers Championship","Rickie Fowler","2023-06-21 19:54:28.731841",Sohale,0.0,"Rickie Fowler",2023,0,0.0
1137,"Travelers Championship","Collin Morikawa","2023-06-21 22:40:01.791714","Chris Karu",0.0,"Brian Harman",2023,1,0.0
1138,"Travelers Championship","Tommy Fleetwood","2023-06-22 00:22:15.325852",Gibber46,0.0,"Brandon Wu",2023,1,0.0
1139,"Travelers Championship","Justin Suh","2023-06-22 00:55:21.926280","Jamil Rousseau",46000.0,"Matt Fitzpatrick",2023,1,5.0
1140,"Travelers Championship","Tommy Fleetwood","2023-06-22 03:09:58.187886","Brady Irwin",0.0,"Wyndham Clark",2023,1,0.0
1141,"Travelers Championship","Denny McCarthy","2023-06-23 06:22:29.855518",Sohale,650000.0,"Keegan Bradley",2023,1,88.0
1142,"Rocket Mortgage Classic","Rickie Fowler","2023-06-27 16:50:43.070585","Thomas Davidson-park",1584000.0,"Hideki Matsuyama",2023,1,500.0
1143,"Rocket Mortgage Classic","Rickie Fowler","2023-06-27 17:00:10.106004",DK,1584000.0,"Keegan Bradley",2023,1,500.0
1144,"Rocket Mortgage Classic","Brian Harman","2023-06-27 17:12:11.810458","Nick’s Price is Right ",0.0,"Brian Harman",2023,0,0.0
1145,"Rocket Mortgage Classic","Rickie Fowler","2023-06-27 17:15:43.880850",Backus,1584000.0,"Tom Kim",2023,1,500.0
1146,"Rocket Mortgage Classic","Collin Morikawa","2023-06-27 17:25:07.757627",lucas,783200.0,"Ludvig Aberg",2023,1,245.0
1147,"Rocket Mortgage Classic","Hideki Matsuyama","2023-06-27 22:07:46.833844",FrazzyFraz,0.0,"Austin Eckroat",2023,1,0.0
1148,"Rocket Mortgage Classic","Max Homa","2023-06-28 05:19:02.883808",Sohale,99587.0,"Byeong Hun An",2023,1,41.0
1149,"Rocket Mortgage Classic","Rickie Fowler","2023-06-28 15:08:22.804176",Andrew,0.0,"Rickie Fowler",2023,0,0.0
1150,"Rocket Mortgage Classic","Tom Kim","2023-06-29 02:33:37.748062",Gibber46,0.0,"Dylan Wu",2023,1,0.0
1151,"Rocket Mortgage Classic","Tom Kim","2023-06-29 03:47:19.606942","Brady Irwin",0.0,"Justin Thomas",2023,1,0.0
1152,"Rocket Mortgage Classic","Rickie Fowler","2023-06-29 06:21:40.689822",smk,1584000.0,"Justin Thomas",2023,1,500.0
1153,"Rocket Mortgage Classic","Brian Harman","2023-06-30 19:13:37.605623","Nick’s Price is Right ",222200.0,"Brian Harman",2023,1,70.0
1154,"Rocket Mortgage Classic","Rickie Fowler","2023-06-30 22:44:59.143229",Andrew,1584000.0,"Rickie Fowler",2023,1,500.0
1155,"John Deere Classic","Chris Kirk","2023-07-04 18:44:40.283431",DK,84138.0,"Keith Mitchell",2023,1,39.0
1156,"John Deere Classic","Denny McCarthy","2023-07-04 18:45:30.594428","Thomas Davidson-park",218036.0,"Ludvig Aberg",2023,1,81.0
1157,"John Deere Classic","Adam Hadwin","2023-07-04 18:46:26.259045","Nick’s Price is Right ",0.0,"Cameron Young",2023,1,0.0
1158,"John Deere Classic","Ludvig Aberg","2023-07-04 18:48:19.163986",FrazzyFraz,333000.0,"Adam Hadwin",2023,1,122.0
1159,"John Deere Classic","Denny McCarthy","2023-07-05 01:55:17.468553",Andrew,218036.0,"Russell Henley",2023,1,81.0
1160,"John Deere Classic","Emiliano Grillo","2023-07-05 12:34:53.349590",smk,0.0,"Denny McCarthy",2023,1,0.0
1161,"John Deere Classic","Chris Kirk","2023-07-05 13:09:54.728440","Jamil Rousseau",84138.0,"Chez Reavie",2023,1,39.0
1162,"John Deere Classic","Stephan Jaeger","2023-07-05 14:01:16.282521",Sohale,140600.0,"Chez Reavie",2023,1,56.0
1163,"John Deere Classic","Adam Hadwin","2023-07-05 23:57:52.567387",lucas,0.0,"Adam Hadwin",2023,0,0.0
1164,"John Deere Classic","Chris Kirk","2023-07-06 11:44:08.100749","Brady Irwin",84138.0,"Nick Taylor",2023,1,39.0
1165,"John Deere Classic","Jonas Blixt","2023-07-06 17:26:42.343787",Gibber46,112850.0,"D.A. Points",2023,1,48.0
1166,"John Deere Classic","Cameron Young","2023-07-07 01:04:43.230490",lucas,218036.0,"Séamus Power",2023,1,81.0
1167,"Genesis Scottish Open","Tommy Fleetwood","2023-07-11 15:53:41.439013","Nick’s Price is Right ",261990.0,"Jordan Spieth",2023,1,86.0
1168,"Genesis Scottish Open","Min Woo Lee","2023-07-11 16:10:24.613083",lucas,52811.0,"Adrian Meronk",2023,1,18.0
1169,"Genesis Scottish Open","Tyrrell Hatton","2023-07-11 17:13:31.887681",Andrew,261990.0,"Shane Lowry",2023,1,86.0
1170,"Genesis Scottish Open","Matt Fitzpatrick","2023-07-11 17:42:35.991872","Thomas Davidson-park",0.0,"Justin Thomas",2023,1,0.0
1171,"Genesis Scottish Open","Matt Fitzpatrick","2023-07-11 19:41:46.885056",smk,0.0,"Justin Rose",2023,1,0.0
1172,"Genesis Scottish Open","Matt Fitzpatrick","2023-07-11 21:36:51.849272",DK,0.0,"Adam Scott",2023,1,0.0
1173,"Genesis Scottish Open","Tyrrell Hatton","2023-07-12 12:30:15.852431",Gibber46,261990.0,"Luke Donald",2023,1,86.0
1174,"Genesis Scottish Open","Tommy Fleetwood","2023-07-12 13:58:27.669028",Sohale,261990.0,"Shane Lowry",2023,1,86.0
1175,"Genesis Scottish Open","Tommy Fleetwood","2023-07-12 14:34:52.611448",FrazzyFraz,261990.0,"Shane Lowry",2023,1,86.0
1176,"Genesis Scottish Open","Ludvig Aberg","2023-07-12 22:44:58.624161","Jamil Rousseau",0.0,"Tom Kim",2023,1,0.0
1177,"Genesis Scottish Open","Xander Schauffele","2023-07-13 02:11:32.208106","Brady Irwin",36255.0,"Matt Fitzpatrick",2023,1,10.0
1178,"The Open","Rory McIlroy","2023-07-18 18:21:23.917552","Nick’s Price is Right ",551250.0,"Bryson DeChambeau",2023,1,105.0
1179,"The Open","Cameron Smith","2023-07-18 19:55:20.637854",smk,84113.0,"Justin Rose",2023,1,22.0
1180,"The Open","Viktor Hovland","2023-07-18 22:16:51.565821",Andrew,232875.0,"Shane Lowry",2023,1,63.0
1181,"The Open","Cameron Smith","2023-07-18 23:49:51.892147","Thomas Davidson-park",84113.0,"Abraham Ancer",2023,1,22.0
1182,"The Open","Cameron Smith","2023-07-19 02:36:03.763158",FrazzyFraz,84113.0,"Sam Burns",2023,1,22.0
1183,"The Open","Cameron Smith","2023-07-19 03:11:16.526700",DK,84113.0,"Wyndham Clark",2023,1,22.0
1184,"The Open","Louis Oosthuizen","2023-07-19 11:19:02.882604",Gibber46,121500.0,"Matt Fitzpatrick",2023,1,36.0
1185,"The Open","Cameron Smith","2023-07-19 13:16:39.315029","Brady Irwin",84113.0,"Dustin Johnson",2023,1,22.0
1186,"The Open","Brooks Koepka","2023-07-19 13:49:46.491832",Sohale,39025.0,"Cameron Smith",2023,1,4.0
1187,"The Open","Jordan Spieth","2023-07-19 16:56:17.459935",lucas,121500.0,"Matt Fitzpatrick",2023,1,36.0
1188,"The Open","Dustin Johnson","2023-07-19 20:05:03.784914","Jamil Rousseau",0.0,"Rory McIlroy",2023,1,0.0
1189,"The Open","Jordan Spieth","2023-07-20 05:09:02.593595",Backus,121500.0,"Bryson DeChambeau",2023,1,36.0
1190,"3M Open","J.T. Poston","2023-07-25 19:49:09.417403",DK,590200.0,"Emiliano Grillo",2023,1,208.0
1191,"3M Open","Cameron Young","2023-07-25 19:52:06.576593","Nick’s Price is Right ",0.0,"Tony Finau",2023,1,0.0
1192,"3M Open","Hideki Matsuyama","2023-07-25 20:00:38.050572",smk,46744.0,"Sepp Straka",2023,1,24.0
1193,"3M Open","Cameron Young","2023-07-25 20:18:42.833395","Thomas Davidson-park",0.0,"Patrick Rodgers",2023,0,0.0
1194,"3M Open","Hideki Matsuyama","2023-07-25 21:43:17.840387",Andrew,46744.0,"Sepp Straka",2023,1,24.0
1195,"3M Open","Cam Davis","2023-07-25 22:09:13.822931",FrazzyFraz,196950.0,"Sepp Straka",2023,1,70.0
1196,"3M Open","Aaron Rai","2023-07-26 12:26:22.980895",Sohale,82178.0,"Sepp Straka",2023,1,39.0
1197,"3M Open","Aaron Rai","2023-07-26 15:07:17.562549",lucas,82178.0,"Emiliano Grillo",2023,1,39.0
1198,"3M Open","Sepp Straka","2023-07-27 01:55:53.715691","Jamil Rousseau",0.0,"Adam Hadwin",2023,1,0.0
1199,"3M Open","Lucas Glover","2023-07-27 03:25:29.768211",Gibber46,0.0,"Sepp Straka",2023,1,0.0
1200,"3M Open","Hideki Matsuyama","2023-07-28 17:54:32.395163","Thomas Davidson-park",46744.0,"Hideki Matsuyama",2023,1,24.0
1201,"Wyndham Championship","Sam Burns","2023-08-01 16:19:18.063424",DK,123500.0,"Adam Scott",2023,1,51.0
1202,"Wyndham Championship","J.T. Poston","2023-08-01 16:48:29.737162","Thomas Davidson-park",223060.0,"Adam Schenk",2023,1,80.0
1203,"Wyndham Championship","Si Woo Kim","2023-08-01 17:10:15.079722",smk,41420.0,"Russell Henley",2023,1,21.0
1204,"Wyndham Championship","Shane Lowry","2023-08-01 18:14:20.249131",Andrew,18164.0,"Russell Henley",2023,1,7.0
1205,"Wyndham Championship","Patrick Rodgers","2023-08-01 19:36:19.686619",FrazzyFraz,0.0,"Sam Burns",2023,1,0.0
1206,"Wyndham Championship","Webb Simpson","2023-08-01 20:53:16.562559",lucas,293550.0,"Davis Riley",2023,1,105.0
1207,"Wyndham Championship","Si Woo Kim","2023-08-02 03:36:15.806722","Nick’s Price is Right ",41420.0,"Sungjae Im",2023,1,21.0
1208,"Wyndham Championship","Russell Henley","2023-08-02 13:33:39.084641",Sohale,676400.0,"J.T. Poston",2023,1,245.0
1209,"Wyndham Championship","J.T. Poston","2023-08-02 21:21:52.607906",Gibber46,223060.0,"Si Woo Kim",2023,1,80.0
1210,"Wyndham Championship","Russell Henley","2023-08-03 03:44:34.176493","Jamil Rousseau",676400.0,"Hideki Matsuyama",2023,1,245.0
1211,"FedEx St. Jude Championship","Jordan Spieth","2023-08-08 19:20:11.842149",FrazzyFraz,0.0,"Jordan Spieth",2023,0,0.0
1212,"FedEx St. Jude Championship","Russell Henley","2023-08-08 19:32:59.435213",Andrew,584286.0,"J.T. Poston",2023,1,85.0
1213,"FedEx St. Jude Championship","Wyndham Clark","2023-08-08 19:38:04.073810","Nick’s Price is Right ",40800.0,"Jason Day",2023,1,4.0
1214,"FedEx St. Jude Championship","Rory McIlroy","2023-08-08 19:47:05.475828","Jamil Rousseau",1160000.0,"Viktor Hovland",2023,1,170.0
1215,"FedEx St. Jude Championship","Keegan Bradley","2023-08-08 19:52:41.535466",smk,64133.0,"Sepp Straka",2023,1,12.0
1216,"FedEx St. Jude Championship","Jon Rahm","2023-08-08 19:56:07.093050","Thomas Davidson-park",88000.0,"Wyndham Clark",2023,1,19.0
1217,"FedEx St. Jude Championship","Jordan Spieth","2023-08-08 20:25:44.362967",DK,584286.0,"Emiliano Grillo",2023,1,85.0
1218,"FedEx St. Jude Championship","Brian Harman","2023-08-09 11:24:01.610145",Gibber46,116000.0,"Emiliano Grillo",2023,1,26.0
1219,"FedEx St. Jude Championship","Wyndham Clark","2023-08-09 19:41:59.811274",Sohale,40800.0,"Jordan Spieth",2023,1,4.0
1220,"FedEx St. Jude Championship","Jordan Spieth","2023-08-10 23:03:51.578424",FrazzyFraz,584286.0,"Byeong Hun An",2023,1,85.0
1221,"BMW Championship","Tom Kim","2023-08-15 19:14:38.788868",Andrew,480600.0,"Si Woo Kim",2023,1,69.0
1222,"BMW Championship","Jordan Spieth","2023-08-15 19:15:59.702723","Nick’s Price is Right ",122000.0,"Sungjae Im",2023,1,24.0
1223,"BMW Championship","Tyrrell Hatton","2023-08-15 19:20:29.694180",DK,122000.0,"Emiliano Grillo",2023,1,24.0
1224,"BMW Championship","Tom Kim","2023-08-15 19:21:17.268711","Thomas Davidson-park",480600.0,"Cam Davis",2023,1,69.0
1225,"BMW Championship","Jon Rahm","2023-08-15 19:21:45.919945",lucas,139000.0,"Xander Schauffele",2023,1,28.0
1226,"BMW Championship","Tom Kim","2023-08-15 19:23:33.452572",smk,961200.0,"J.T. Poston",2023,2,69.0
1227,"BMW Championship","Tom Kim","2023-08-15 21:30:52.420424",Sohale,480600.0,"Corey Conners",2023,1,69.0
1228,"BMW Championship","Lucas Glover","2023-08-15 21:53:49.907782",FrazzyFraz,229000.0,"Brian Harman",2023,1,44.0
1229,"BMW Championship","Scottie Scheffler","2023-08-16 16:00:39.766864",Gibber46,1760000.0,"Emiliano Grillo",2023,1,258.0
1230,"Tour Championship","Wyndham Clark","2023-08-23 20:08:58.615214",FrazzyFraz,34020.0,"Wyndham Clark",2023,1,-1.0
1231,"Farmers Insurance Open","Max Homa","2024-01-23 17:13:36.929123",Gibber46,156536.0,"Adam Svensson",2024,1,53.0
1232,"Farmers Insurance Open","Jason Day","2024-01-23 17:18:59.571993",FrazzyFraz,0.0,"Keegan Bradley",2024,1,0.0
1233,"Farmers Insurance Open","Xander Schauffele","2024-01-23 17:23:15.889798","Nick’s Price is Right ",236250.0,"Collin Morikawa",2024,1,72.0
1234,"Farmers Insurance Open","Tony Finau","2024-01-23 17:44:29.085124",DK,303750.0,"Ludvig Åberg",2024,1,92.0
1235,"Farmers Insurance Open","Ludvig Åberg","2024-01-23 17:54:08.001629","Chris Karu",236250.0,"Sepp Straka",2024,1,72.0
1236,"Farmers Insurance Open","Eric Cole","2024-01-23 18:04:40.481981","Earl's Winnebago",0.0,"Adrian Meronk",2024,1,0.0
1237,"Farmers Insurance Open","Keegan Bradley","2024-01-23 18:08:11.620235","Thomas Davidson-park",28530.0,"Eric Cole",2024,1,11.0
1238,"Farmers Insurance Open","Max Homa","2024-01-23 19:51:06.737058",Backus,156536.0,"Xander Schauffele",2024,1,53.0
1239,"Farmers Insurance Open","Tony Finau","2024-01-23 20:08:26.417163",smk,303750.0,"Matt Wallace",2024,1,92.0
1240,"Farmers Insurance Open","Xander Schauffele","2024-01-23 21:04:28.696632","Nick's Dad is always Right",236250.0,"Sungjae Im",2024,1,72.0
1241,"Farmers Insurance Open","Jason Day","2024-01-23 21:20:06.380943","Jamil Rousseau",0.0,"Xander Schauffele",2024,1,0.0
1242,"Farmers Insurance Open","Sungjae Im","2024-01-23 23:55:19.852080",lucas,0.0,"Sahith Theegala",2024,1,0.0
1243,"Farmers Insurance Open","Max Homa","2024-01-24 00:20:41.543029",Andrew,156536.0,"Xander Schauffele",2024,1,53.0
1244,"Farmers Insurance Open","Jason Day","2024-01-24 01:36:44.190916","Brady Irwin",0.0,"Keegan Bradley",2024,1,0.0
1245,"Farmers Insurance Open","Jason Day","2024-01-24 05:57:54.184010",D-Money,0.0,"Harris English",2024,1,0.0
1246,"Farmers Insurance Open","Sungjae Im","2024-01-24 06:29:15.886912",Sohale,0.0,"Xander Schauffele",2024,1,0.0
1247,"AT&T Pebble Beach Pro-Am","Xander Schauffele","2024-01-31 03:32:52.814710",Andrew,42500.0,"Justin Thomas",2024,1,11.0
1248,"AT&T Pebble Beach Pro-Am","Patrick Cantlay","2024-01-31 04:01:45.407571",DK,455000.0,"Collin Morikawa",2024,1,155.0
1249,"AT&T Pebble Beach Pro-Am","Jordan Spieth","2024-01-31 04:20:06.257143","Nick’s Price is Right ",70125.0,"Viktor Hovland",2024,1,22.0
1250,"AT&T Pebble Beach Pro-Am","Tommy Fleetwood","2024-01-31 05:46:19.920853","Thomas Davidson-park",106625.0,"Jordan Spieth",2024,1,33.0
1251,"AT&T Pebble Beach Pro-Am","Jason Day","2024-01-31 15:50:57.267076","Chris Karu",642500.0,"Beau Hossler",2024,1,238.0
1252,"AT&T Pebble Beach Pro-Am","Beau Hossler","2024-01-31 19:47:09.757731","Earl's Winnebago",322500.0,"Patrick Cantlay",2024,1,119.0
1253,"AT&T Pebble Beach Pro-Am","Jordan Spieth","2024-01-31 20:42:08.076843",Gibber46,70125.0,"Jason Day",2024,1,22.0
1254,"AT&T Pebble Beach Pro-Am","Tyrrell Hatton","2024-01-31 22:02:41.847265","Nick's Dad is always Right",457500.0,"Dustin Johnson",2024,1,200.0
1255,"AT&T Pebble Beach Pro-Am","Xander Schauffele","2024-01-31 22:23:49.689964",Backus,42500.0,"Ludvig Åberg",2024,1,11.0
1256,"AT&T Pebble Beach Pro-Am","Jordan Spieth","2024-01-31 22:36:50.520643",FrazzyFraz,70125.0,"Tommy Fleetwood",2024,1,22.0
1257,"AT&T Pebble Beach Pro-Am","Tommy Fleetwood","2024-01-31 22:38:19.028960","Uncle Ricky ",106625.0,"Jordan Spieth",2024,1,33.0
1258,"AT&T Pebble Beach Pro-Am","Justin Rose","2024-01-31 22:39:56.283683",lucas,455000.0,"Byeong Hun An",2024,1,155.0
1259,"AT&T Pebble Beach Pro-Am","Collin Morikawa","2024-02-01 00:01:40.053017","Jamil Rousseau",322500.0,"Matt Fitzpatrick",2024,1,119.0
1260,"AT&T Pebble Beach Pro-Am","Max Homa","2024-02-01 00:02:13.694291",smk,35313.0,"Cam Davis",2024,1,6.0
1261,"AT&T Pebble Beach Pro-Am","Max Homa","2024-02-01 01:04:44.895323",D-Money,35313.0,"Viktor Hovland",2024,1,6.0
1262,"AT&T Pebble Beach Pro-Am","Jordan Spieth","2024-02-01 04:33:19.582794","Brady Irwin",70125.0,"Rory McIlroy",2024,1,22.0
1263,"AT&T Pebble Beach Pro-Am","Matt Fitzpatrick","2024-02-01 06:36:11.005849",Sohale,38250.0,"Jason Day",2024,1,8.0
1264,"WM Phoenix Open","Justin Thomas","2024-02-06 19:07:09.140510","Nick’s Price is Right ",187000.0,"Scottie Scheffler",2024,1,61.0
1265,"WM Phoenix Open","Sahith Theegala","2024-02-06 19:38:05.938566",DK,360800.0,"Scottie Scheffler",2024,1,110.0
1266,"WM Phoenix Open","Scottie Scheffler","2024-02-07 00:24:41.622659",lucas,1038400.0,"Sahith Theegala",2024,2,162.0
1267,"WM Phoenix Open","Justin Thomas","2024-02-07 09:12:58.339217",FrazzyFraz,187000.0,"Rickie Fowler",2024,1,61.0
1268,"WM Phoenix Open","Sahith Theegala","2024-02-07 15:08:39.127282",smk,360800.0,"Sam Burns",2024,1,110.0
1269,"WM Phoenix Open","Thomas Detry","2024-02-07 18:07:07.945702","Nick's Dad is always Right",53000.0,"Justin Thomas",2024,1,24.0
1270,"WM Phoenix Open","Justin Thomas","2024-02-07 18:22:46.159077","Earl's Winnebago",187000.0,"J.T. Poston",2024,1,61.0
1271,"WM Phoenix Open","J.T. Poston","2024-02-07 20:23:47.472524",Andrew,0.0,"Scottie Scheffler",2024,1,0.0
1272,"WM Phoenix Open","Min Woo Lee","2024-02-07 21:27:37.739574","Chris Karu",17776.0,"Max Homa",2024,1,3.0
1273,"WM Phoenix Open","Scottie Scheffler","2024-02-07 22:57:31.961835",Backus,519200.0,"Sam Burns",2024,1,162.0
1274,"WM Phoenix Open","Sam Burns","2024-02-07 23:02:39.372499",Gibber46,519200.0,"Adam Svensson",2024,1,162.0
1275,"WM Phoenix Open","Rickie Fowler","2024-02-08 00:59:34.087028","Thomas Davidson-park",0.0,"Justin Thomas",2024,1,0.0
1276,"WM Phoenix Open","Sahith Theegala","2024-02-08 05:37:24.067520","Uncle Ricky ",360800.0,"Max Homa",2024,1,110.0
1277,"WM Phoenix Open","Sahith Theegala","2024-02-08 06:21:19.586886",Sohale,360800.0,"Hideki Matsuyama",2024,1,110.0
1278,"WM Phoenix Open","Jon Rahm","2024-02-08 15:13:39.989219","Jamil Rousseau",525000.0,"Joaquin Niemann",2024,1,119.0
1279,"The Genesis Invitational","Patrick Cantlay","2024-02-13 20:42:20.033740",smk,1733334.0,"Jordan Spieth",2024,2,300.0
1280,"The Genesis Invitational","Scottie Scheffler","2024-02-13 20:43:37.760207",DK,455000.0,"Collin Morikawa",2024,1,151.0
1281,"The Genesis Invitational","Viktor Hovland","2024-02-13 21:46:34.025359","Nick’s Price is Right ",251400.0,"Tony Finau",2024,1,93.0
1282,"The Genesis Invitational","Cameron Young","2024-02-14 03:28:37.072347","Earl's Winnebago",329000.0,"Collin Morikawa",2024,1,115.0
1283,"The Genesis Invitational","Scottie Scheffler","2024-02-14 04:04:20.334757",Andrew,455000.0,"Tom Kim",2024,1,151.0
1284,"The Genesis Invitational","Xander Schauffele","2024-02-14 09:56:47.229608",FrazzyFraz,866667.0,"Adam Svensson",2024,1,300.0
1285,"The Genesis Invitational","Patrick Cantlay","2024-02-14 15:59:42.140895","Thomas Davidson-park",1733334.0,"Scottie Scheffler",2024,2,300.0
1286,"The Genesis Invitational","Ludvig Åberg","2024-02-14 16:05:19.930936","Nick's Dad is always Right",251400.0,"Adam Scott",2024,1,93.0
1287,"The Genesis Invitational","Adam Scott","2024-02-14 16:13:03.843386","Chris Karu",251400.0,"Russell Henley",2024,1,93.0
1288,"The Genesis Invitational","Adam Scott","2024-02-14 18:19:12.473315",lucas,251400.0,"Will Zalatoris",2024,1,93.0
1289,"The Genesis Invitational","Max Homa","2024-02-14 19:50:06.926599","Jamil Rousseau",329000.0,"Nick Taylor",2024,1,115.0
1290,"The Genesis Invitational","Cameron Young","2024-02-14 22:39:12.273171",Sohale,329000.0,"Collin Morikawa",2024,1,115.0
1291,"The Genesis Invitational","Collin Morikawa","2024-02-14 23:18:32.652980",Gibber46,251400.0,"Tiger Woods",2024,1,93.0
1292,"The Genesis Invitational","Tiger Woods","2024-02-15 00:58:03.369362",Backus,0.0,"Jordan Spieth",2024,1,0.0
1293,"The Genesis Invitational","Viktor Hovland","2024-02-15 13:30:45.881009",D-Money,251400.0,"Justin Thomas",2024,1,93.0
1294,"The Genesis Invitational","Jordan Spieth","2024-02-19 00:38:55.080671",Backus,0.0,"Jordan Spieth",2024,1,0.0
1295,"Mexico Open at Vidanta","Tony Finau","2024-02-20 18:36:08.110737","Nick’s Price is Right ",145125.0,"Nicolai Højgaard",2024,1,54.0
1296,"Mexico Open at Vidanta","Erik van Rooyen","2024-02-20 21:51:12.419830",DK,220725.0,"Keith Mitchell",2024,1,75.0
1297,"Mexico Open at Vidanta","Tony Finau","2024-02-21 10:45:59.381329","Thomas Davidson-park",145125.0,"Nicolai Højgaard",2024,1,54.0
1298,"Mexico Open at Vidanta","Taylor Pendrith","2024-02-21 17:18:35.524880","Jamil Rousseau",0.0,"Tony Finau",2024,1,0.0
1299,"Mexico Open at Vidanta","Keith Mitchell","2024-02-21 17:21:57.610733",Backus,99549.0,"Brandon Wu",2024,1,43.0
1300,"Mexico Open at Vidanta","Nicolai Højgaard","2024-02-21 18:07:06.239674",FrazzyFraz,19467.0,"Emiliano Grillo",2024,1,6.0
1301,"Mexico Open at Vidanta","Nicolai Højgaard","2024-02-21 19:06:00.294380","Nick's Dad is always Right",19467.0,"Emiliano Grillo",2024,1,6.0
1302,"Mexico Open at Vidanta","Taylor Pendrith","2024-02-21 20:44:13.936649",D-Money,0.0,"Nicolai Højgaard",2024,1,0.0
1303,"Mexico Open at Vidanta","Taylor Pendrith","2024-02-21 22:15:48.745265",Gibber46,0.0,"Tony Finau",2024,1,0.0
1304,"Mexico Open at Vidanta","Taylor Pendrith","2024-02-21 23:31:38.534849","Earl's Winnebago",0.0,"Mackenzie Hughes",2024,1,0.0
1305,"Mexico Open at Vidanta","Nicolai Højgaard","2024-02-22 00:11:57.657083",smk,19467.0,"Emiliano Grillo",2024,1,6.0
1306,"Mexico Open at Vidanta","Stephan Jaeger","2024-02-22 06:21:25.516664",Sohale,429300.0,"Taylor Pendrith",2024,1,145.0
1307,"Mexico Open at Vidanta","Cameron Champ","2024-02-22 15:15:40.924052","Uncle Ricky ",61695.0,"Tony Finau",2024,1,31.0
1308,"Cognizant Classic","Matt Fitzpatrick","2024-02-27 17:43:22.456943",DK,87750.0,"Rory McIlroy",2024,1,37.0
1309,"Cognizant Classic","Corey Conners","2024-02-27 21:07:14.784115","Nick’s Price is Right ",32850.0,"J.T. Poston",2024,1,13.0
1310,"Cognizant Classic","Russell Henley","2024-02-28 16:02:19.820367",lucas,32850.0,"Eric Cole",2024,1,13.0
1311,"Cognizant Classic","Sepp Straka","2024-02-28 16:13:30.788898","Nick's Dad is always Right",0.0,"Robert MacIntyre",2024,1,1.0
1312,"Cognizant Classic","J.T. Poston","2024-02-28 17:27:29.242528","Chris Karu",19170.0,"Russell Henley",2024,1,4.0
1313,"Cognizant Classic","Matt Fitzpatrick","2024-02-28 18:31:32.349535",FrazzyFraz,87750.0,"Chris Kirk",2024,1,37.0
1314,"Cognizant Classic","Cameron Young","2024-02-28 19:43:10.972196",smk,344250.0,"Chris Kirk",2024,1,104.0
1315,"Cognizant Classic","Matt Fitzpatrick","2024-02-28 21:32:31.745783",Backus,87750.0,"Rory McIlroy",2024,1,37.0
1316,"Cognizant Classic","Russell Henley","2024-02-28 21:34:32.460246",D-Money,32850.0,"Chris Kirk",2024,1,13.0
1317,"Cognizant Classic","Shane Lowry","2024-02-29 00:07:40.059429",Gibber46,688500.0,"Akshay Bhatia",2024,2,104.0
1318,"Cognizant Classic","Chris Kirk","2024-02-29 01:18:23.816991","Thomas Davidson-park",59014.0,"Rory McIlroy",2024,1,26.0
1319,"Cognizant Classic","Eric Cole","2024-02-29 04:59:44.246647",Andrew,0.0,"Rory McIlroy",2024,1,0.0
1320,"Cognizant Classic","Cameron Young","2024-02-29 05:44:24.447758","Jamil Rousseau",344250.0,"Rory McIlroy",2024,1,104.0
1321,"Cognizant Classic","Shane Lowry","2024-02-29 05:47:17.329892","Earl's Winnebago",344250.0,"J.T. Poston",2024,1,104.0
1322,"Cognizant Classic","Shane Lowry","2024-02-29 06:09:33.846045",Sohale,344250.0,"Lee Hodges",2024,1,104.0
1323,"Arnold Palmer Invitational pres. by Mastercard","Wyndham Clark","2024-03-05 22:27:43.750642",FrazzyFraz,0.0,"Wyndham Clark",2024,0,0.0
1324,"Arnold Palmer Invitational pres. by Mastercard","Will Zalatoris","2024-03-06 00:55:54.881590",DK,920000.0,"Ludvig Åberg",2024,1,312.0
1325,"Arnold Palmer Invitational pres. by Mastercard","Scottie Scheffler","2024-03-06 04:35:34.432188","Nick’s Price is Right ",0.0,"Scottie Scheffler",2024,0,0.0
1326,"Arnold Palmer Invitational pres. by Mastercard","Ludvig Åberg","2024-03-06 15:00:13.721076",smk,162800.0,"Xander Schauffele",2024,1,63.0
1327,"Arnold Palmer Invitational pres. by Mastercard","Jordan Spieth","2024-03-06 15:43:47.706894",lucas,123500.0,"Cameron Young",2024,1,38.0
1328,"Arnold Palmer Invitational pres. by Mastercard","Rory McIlroy","2024-03-06 16:13:33.523267","Thomas Davidson-park",224750.0,"Scottie Scheffler",2024,1,86.0
1329,"Arnold Palmer Invitational pres. by Mastercard","Ludvig Åberg","2024-03-06 18:13:54.152228",D-Money,162800.0,"Patrick Cantlay",2024,1,63.0
1330,"Arnold Palmer Invitational pres. by Mastercard","Will Zalatoris","2024-03-06 20:08:28.100004","Nick's Dad is always Right",920000.0,"Viktor Hovland",2024,1,312.0
1331,"Arnold Palmer Invitational pres. by Mastercard","Tommy Fleetwood","2024-03-06 20:53:54.066504","Earl's Winnebago",0.0,"Matt Fitzpatrick",2024,1,0.0
1332,"Arnold Palmer Invitational pres. by Mastercard","Ludvig Åberg","2024-03-06 22:44:57.817134",Andrew,162800.0,"Rory McIlroy",2024,1,63.0
1333,"Arnold Palmer Invitational pres. by Mastercard","Will Zalatoris","2024-03-07 00:08:05.317280",Backus,920000.0,"Sam Burns",2024,1,312.0
1334,"Arnold Palmer Invitational pres. by Mastercard","Patrick Cantlay","2024-03-07 01:30:55.849570","Jamil Rousseau",88375.0,"Sam Burns",2024,1,25.0
1335,"Arnold Palmer Invitational pres. by Mastercard","Sam Burns","2024-03-07 03:13:59.245774","Brady Irwin",123500.0,"Chris Kirk",2024,1,38.0
1336,"Arnold Palmer Invitational pres. by Mastercard","Patrick Cantlay","2024-03-07 03:27:06.261410",Gibber46,0.0,"Hideki Matsuyama",2024,0,25.0
1337,"Arnold Palmer Invitational pres. by Mastercard","Collin Morikawa","2024-03-07 05:51:47.979713","Uncle Ricky ",0.0,"Viktor Hovland",2024,1,0.0
1338,"Arnold Palmer Invitational pres. by Mastercard","Rory McIlroy","2024-03-07 06:03:37.509978",Sohale,224750.0,"Max Homa",2024,1,86.0
1339,"Arnold Palmer Invitational pres. by Mastercard","Hideki Matsuyama","2024-03-09 00:52:13.844517",Gibber46,389667.0,"Hideki Matsuyama",2024,1,134.0
1340,"Arnold Palmer Invitational pres. by Mastercard","Scottie Scheffler","2024-03-09 01:58:44.541816","Nick’s Price is Right ",4000000.0,"Scottie Scheffler",2024,1,700.0
1341,"Arnold Palmer Invitational pres. by Mastercard","Wyndham Clark","2024-03-09 03:52:15.326118",FrazzyFraz,2200000.0,"Wyndham Clark",2024,1,400.0
1342,"THE PLAYERS Championship","Scottie Scheffler","2024-03-12 16:18:04.659388","Thomas Davidson-park",4500000.0,"Justin Thomas",2024,1,750.0
1343,"THE PLAYERS Championship","Hideki Matsuyama","2024-03-12 17:49:16.969068",DK,875000.0,"Justin Thomas",2024,1,262.0
1344,"THE PLAYERS Championship","Hideki Matsuyama","2024-03-12 23:04:21.669757","Nick’s Price is Right ",875000.0,"Sam Burns",2024,1,262.0
1345,"THE PLAYERS Championship","Scottie Scheffler","2024-03-12 23:04:47.818787",FrazzyFraz,4500000.0,"Hideki Matsuyama",2024,1,750.0
1346,"THE PLAYERS Championship","Max Homa","2024-03-13 04:26:20.800287","Earl's Winnebago",53500.0,"Hideki Matsuyama",2024,1,7.0
1347,"THE PLAYERS Championship","Xander Schauffele","2024-03-13 12:45:55.950851",smk,1891667.0,"Viktor Hovland",2024,1,358.0
1348,"THE PLAYERS Championship","Will Zalatoris","2024-03-13 16:03:32.597116","Chris Karu",0.0,"Adam Svensson",2024,1,0.0
1349,"THE PLAYERS Championship","Viktor Hovland","2024-03-13 19:25:31.138033","Nick's Dad is always Right",55000.0,"Sam Burns",2024,1,8.0
1350,"THE PLAYERS Championship","Patrick Cantlay","2024-03-13 20:12:12.439736",Andrew,51500.0,"Rory McIlroy",2024,1,6.0
1351,"THE PLAYERS Championship","Scottie Scheffler","2024-03-13 22:16:34.857831",D-Money,4500000.0,"Justin Thomas",2024,1,750.0
1352,"THE PLAYERS Championship","Hideki Matsuyama","2024-03-14 00:27:22.696210","Brady Irwin",875000.0,"Scottie Scheffler",2024,1,262.0
1353,"THE PLAYERS Championship","Scottie Scheffler","2024-03-14 02:56:36.163650",Gibber46,4500000.0,"Corey Conners",2024,1,750.0
1354,"THE PLAYERS Championship","Hideki Matsuyama","2024-03-14 05:24:56.562898",Sohale,875000.0,"Scottie Scheffler",2024,1,262.0
1355,"THE PLAYERS Championship","Sam Burns","2024-03-14 05:30:19.384330",lucas,70063.0,"Aaron Rai",2024,1,14.0
1356,"THE PLAYERS Championship","Wyndham Clark","2024-03-14 15:04:56.378120",Backus,1891667.0,"Collin Morikawa",2024,1,358.0
1357,"THE PLAYERS Championship","Rory McIlroy","2024-03-14 23:38:33.683324","Jamil Rousseau",285536.0,"Wyndham Clark",2024,1,90.0
1358,"Valspar Championship","Keegan Bradley","2024-03-19 20:25:09.670419",DK,0.0,"Sam Burns",2024,1,0.0
1359,"Valspar Championship","Sam Burns","2024-03-19 20:45:03.805425",FrazzyFraz,0.0,"Nick Taylor",2024,1,0.0
1360,"Valspar Championship","Nick Taylor","2024-03-19 21:18:59.271778","Nick’s Price is Right ",18060.0,"Brian Harman",2024,1,4.0
1361,"Valspar Championship","Sam Burns","2024-03-19 22:31:39.618330","Nick's Dad is always Right",0.0,"Justin Thomas",2024,0,0.0
1362,"Valspar Championship","Justin Thomas","2024-03-20 01:19:39.733418","Thomas Davidson-park",18060.0,"Min Woo Lee",2024,1,4.0
1363,"Valspar Championship","Sepp Straka","2024-03-20 06:23:26.604779","Earl's Winnebago",0.0,"Brian Harman",2024,1,0.0
1364,"Valspar Championship","Jordan Spieth","2024-03-20 14:11:39.056794","Jamil Rousseau",0.0,"Tony Finau",2024,1,0.0
1365,"Valspar Championship","Sam Burns","2024-03-20 14:47:51.195987",smk,0.0,"Jordan Spieth",2024,1,0.0
1366,"Valspar Championship","Xander Schauffele","2024-03-20 17:46:22.886248",Gibber46,298725.0,"Adam Hadwin",2024,1,96.0
1367,"Valspar Championship","Nick Taylor","2024-03-20 21:49:44.919689","Uncle Ricky ",18060.0,"Xander Schauffele",2024,1,4.0
1368,"Valspar Championship","Nick Taylor","2024-03-21 05:02:47.559089",lucas,18060.0,"Aaron Rai",2024,1,4.0
1369,"Valspar Championship","Xander Schauffele","2024-03-21 05:08:34.803773",Sohale,298725.0,"Matt NeSmith",2024,1,96.0
1370,"Valspar Championship","Sam Burns","2024-03-23 00:56:33.084615","Nick's Dad is always Right",18060.0,"Justin Thomas",2024,0,4.0
1371,"Valspar Championship","Justin Thomas","2024-03-26 12:38:13.062559","Nick's Dad is always Right",18060.0,"Justin Thomas",2024,1,4.0
1372,"Texas Children's Houston Open","Beau Hossler","2024-03-26 18:28:33.720907","Nick’s Price is Right ",20475.0,"Will Zalatoris",2024,1,5.0
1373,"Texas Children's Houston Open","Sahith Theegala","2024-03-26 19:14:21.040298",FrazzyFraz,65065.0,"Si Woo Kim",2024,1,30.0
1374,"Texas Children's Houston Open","Jason Day","2024-03-26 22:04:57.934969",DK,0.0,"Mackenzie Hughes",2024,1,0.0
1375,"Texas Children's Houston Open","Wyndham Clark","2024-03-26 23:46:49.931452",smk,54418.0,"Kurt Kitayama",2024,1,24.0
1376,"Texas Children's Houston Open","Sahith Theegala","2024-03-27 05:10:01.091538","Thomas Davidson-park",65065.0,"Wyndham Clark",2024,1,30.0
1377,"Texas Children's Houston Open","Tony Finau","2024-03-27 16:51:09.008346",Backus,553735.0,"Sahith Theegala",2024,1,167.0
1378,"Texas Children's Houston Open","Tony Finau","2024-03-27 17:44:26.415795","Nick's Dad is always Right",553735.0,"Sahith Theegala",2024,1,167.0
1379,"Texas Children's Houston Open","Wyndham Clark","2024-03-27 22:33:33.313211",lucas,54418.0,"Aaron Rai",2024,1,24.0
1380,"Texas Children's Houston Open","Tom Hoge","2024-03-27 23:57:14.160039",Andrew,166075.0,"Wyndham Clark",2024,1,55.0
1381,"Texas Children's Houston Open","Si Woo Kim","2024-03-28 02:13:08.703903",D-Money,134225.0,"Sahith Theegala",2024,1,48.0
1382,"Texas Children's Houston Open","Sahith Theegala","2024-03-28 02:31:47.341632","Brady Irwin",65065.0,"Will Zalatoris",2024,1,30.0
1383,"Texas Children's Houston Open","Wyndham Clark","2024-03-28 03:02:09.544979",Gibber46,54418.0,"Will Zalatoris",2024,1,24.0
1384,"Texas Children's Houston Open","Sahith Theegala","2024-03-28 04:56:49.356356","Earl's Winnebago",65065.0,"Jake Knapp",2024,1,30.0
1385,"Texas Children's Houston Open","Jason Day","2024-03-28 05:15:04.586187",Sohale,0.0,"Mackenzie Hughes",2024,1,0.0
1386,"Valero Texas Open","Tom Kim","2024-04-02 20:49:26.242940",FrazzyFraz,0.0,"Lucas Glover",2024,1,0.0
1387,"Valero Texas Open","Ludvig Åberg","2024-04-03 00:36:36.808502","Thomas Davidson-park",131602.0,"Jordan Spieth",2024,1,47.0
1388,"Valero Texas Open","Ludvig Åberg","2024-04-03 02:08:16.709054","Brady Irwin",131602.0,"Corey Conners",2024,1,47.0
1389,"Valero Texas Open","Brian Harman","2024-04-03 13:34:36.586393","Nick’s Price is Right ",67735.0,"Sam Ryder",2024,1,30.0
1390,"Valero Texas Open","Tommy Fleetwood","2024-04-03 14:53:07.103116","Chris Karu",289033.0,"Billy Horschel",2024,1,85.0
1391,"Valero Texas Open","Hideki Matsuyama","2024-04-03 15:02:49.449771","Jamil Rousseau",289033.0,"Ludvig Åberg",2024,1,85.0
1392,"Valero Texas Open","Corey Conners","2024-04-03 15:15:01.877778",Andrew,67735.0,"Rory McIlroy",2024,1,30.0
1393,"Valero Texas Open","Corey Conners","2024-04-03 19:06:40.541315",Backus,67735.0,"Ludvig Åberg",2024,1,30.0
1394,"Valero Texas Open","Matt Kuchar","2024-04-03 19:25:38.882623","Nick's Dad is always Right",0.0,"Corey Conners",2024,1,0.0
1395,"Valero Texas Open","Hideki Matsuyama","2024-04-03 21:19:11.272896",D-Money,289033.0,"Matt Fitzpatrick",2024,1,85.0
1396,"Valero Texas Open","Jon Rahm","2024-04-03 22:14:38.335505",DK,57200.0,"Dustin Johnson",2024,1,300.0
1397,"Valero Texas Open","Hideki Matsuyama","2024-04-03 23:31:06.901849",smk,289033.0,"Harris English",2024,1,85.0
1398,"Valero Texas Open","Corey Conners","2024-04-04 00:00:39.627095",Gibber46,67735.0,"Byeong Hun An",2024,1,30.0
1399,"Valero Texas Open","Ludvig Åberg","2024-04-04 04:43:59.463347","Earl's Winnebago",131602.0,"Erik van Rooyen",2024,1,47.0
1400,"Valero Texas Open","Ludvig Åberg","2024-04-04 05:29:52.828506",Sohale,0.0,"Akshay Bhatia",2024,0,47.0
1401,"Valero Texas Open","Rory McIlroy","2024-04-04 05:32:44.600710",lucas,634800.0,"Alex Noren",2024,1,190.0
1402,"Valero Texas Open","Akshay Bhatia","2024-04-06 05:08:49.011833",Sohale,1656000.0,"Akshay Bhatia",2024,1,500.0
1403,"Masters Tournament","Rory McIlroy","2024-04-09 15:20:21.435217","Earl's Winnebago",175500.0,"Scottie Scheffler",2024,1,72.0
1404,"Masters Tournament","Brooks Koepka","2024-04-09 17:53:50.411206",Gibber46,57200.0,"Rory McIlroy",2024,1,15.0
1405,"Masters Tournament","Brooks Koepka","2024-04-09 18:27:13.865295","Nick’s Price is Right ",57200.0,"Jon Rahm",2024,1,15.0
1406,"Masters Tournament","Joaquín Niemann","2024-04-09 21:35:23.259896",DK,175500.0,"Xander Schauffele",2024,1,72.0
1407,"Masters Tournament","Brooks Koepka","2024-04-09 21:42:45.426393",Andrew,57200.0,"Joaquin Niemann",2024,1,15.0
1408,"Masters Tournament","Rory McIlroy","2024-04-09 23:48:24.740232",FrazzyFraz,175500.0,"Brooks Koepka",2024,1,72.0
1409,"Masters Tournament","Brooks Koepka","2024-04-10 00:58:31.505129",Backus,57200.0,"Jon Rahm",2024,1,15.0
1410,"Masters Tournament","Scottie Scheffler","2024-04-10 10:45:56.134872",smk,3600000.0,"Rory McIlroy",2024,1,750.0
1411,"Masters Tournament","Scottie Scheffler","2024-04-10 14:15:59.385788",Sohale,7200000.0,"Brooks Koepka",2024,2,750.0
1412,"Masters Tournament","Scottie Scheffler","2024-04-10 16:35:36.567504","Brady Irwin",7200000.0,"Jon Rahm",2024,2,750.0
1413,"Masters Tournament","Rory McIlroy","2024-04-10 17:19:05.405055",D-Money,175500.0,"Brooks Koepka",2024,1,72.0
1414,"Masters Tournament","Brooks Koepka","2024-04-10 17:35:15.400491","Chris Karu",57200.0,"Jon Rahm",2024,1,15.0
1415,"Masters Tournament","Brooks Koepka","2024-04-10 17:54:22.437134","Jamil Rousseau",0.0,"Scottie Scheffler",2024,0,15.0
1416,"Masters Tournament","Scottie Scheffler","2024-04-10 18:51:15.142918","Nick's Dad is always Right",3600000.0,"Brooks Koepka",2024,1,750.0
1417,"Masters Tournament","Rory McIlroy","2024-04-10 23:50:36.566107","Uncle Ricky ",175500.0,"Scottie Scheffler",2024,1,72.0
1418,"Masters Tournament","Jon Rahm","2024-04-11 00:42:31.118938",lucas,57200.0,"Joaquín Niemann",2024,1,15.0
1419,"Masters Tournament","Wyndham Clark","2024-04-11 01:06:58.227331","Thomas Davidson-park",0.0,"Brooks Koepka",2024,1,7.0
1420,"Masters Tournament","Scottie Scheffler","2024-04-13 02:27:00.686097","Jamil Rousseau",3600000.0,"Scottie Scheffler",2024,1,750.0
1421,"RBC Heritage","Tommy Fleetwood","2024-04-16 19:20:42.597639",FrazzyFraz,49450.0,"Brian Harman",2024,1,14.0
1422,"RBC Heritage","Wyndham Clark","2024-04-16 21:58:33.874800",DK,1160000.0,"Tommy Fleetwood",2024,1,338.0
1423,"RBC Heritage","Tommy Fleetwood","2024-04-16 22:23:00.698471",smk,49450.0,"Rory McIlroy",2024,1,14.0
1424,"RBC Heritage","Collin Morikawa","2024-04-16 22:55:25.839309","Nick’s Price is Right ",581000.0,"Patrick Cantlay",2024,1,200.0
1425,"RBC Heritage","Shane Lowry","2024-04-16 23:28:24.722274",lucas,42600.0,"Sahith Theegala",2024,1,7.0
1426,"RBC Heritage","Brian Harman","2024-04-17 00:50:56.641041","Thomas Davidson-park",393000.0,"Cameron Young",2024,1,138.0
1427,"RBC Heritage","Xander Schauffele","2024-04-17 02:17:19.258637","Earl's Winnebago",220100.0,"Matt Fitzpatrick",2024,1,86.0
1428,"RBC Heritage","Tommy Fleetwood","2024-04-17 05:49:01.238830",Andrew,49450.0,"Rory McIlroy",2024,1,14.0
1429,"RBC Heritage","Matt Fitzpatrick","2024-04-17 14:31:10.946733","Nick's Dad is always Right",136500.0,"Patrick Cantlay",2024,1,48.0
1430,"RBC Heritage","Tommy Fleetwood","2024-04-17 17:08:03.864986","Jamil Rousseau",49450.0,"Ludvig Åberg",2024,1,14.0
1431,"RBC Heritage","Russell Henley","2024-04-17 21:31:18.643372","Chris Karu",393000.0,"Adam Hadwin",2024,1,138.0
1432,"RBC Heritage","Tommy Fleetwood","2024-04-17 22:04:33.025588",D-Money,0.0,"Patrick Cantlay",2024,0,14.0
1433,"RBC Heritage","Will Zalatoris","2024-04-18 02:40:47.814783","Brady Irwin",62660.0,"Tommy Fleetwood",2024,1,18.0
1434,"RBC Heritage","Matt Fitzpatrick","2024-04-18 04:37:45.663214",Gibber46,136500.0,"Adam Svensson",2024,1,48.0
1435,"RBC Heritage","Tommy Fleetwood","2024-04-18 04:48:48.599240",Backus,49450.0,"Adam Hadwin",2024,1,14.0
1436,"RBC Heritage","Tommy Fleetwood","2024-04-18 05:20:32.767488",Sohale,49450.0,"Cameron Davis",2024,1,14.0
1437,"RBC Heritage","Corey Conners","2024-04-18 05:56:50.386423","Uncle Ricky ",62660.0,"Xander Schauffele",2024,1,18.0
1438,"RBC Heritage","Patrick Cantlay","2024-04-20 01:03:03.905409",D-Money,1160000.0,"Patrick Cantlay",2024,1,338.0
1439,"LIV Golf Adelaide","Joaquín Niemann","2024-04-24 18:10:36.860786","Nick's Dad is always Right",0.0,"Dean Burmester",2024,1,300.0
1440,"LIV Golf Adelaide","Bryson DeChambeau","2024-04-24 18:30:19.745624",smk,0.0,"Brooks Koepka",2024,1,58.0
1441,"LIV Golf Adelaide","Bryson DeChambeau","2024-04-24 18:37:37.544477","Nick’s Price is Right ",0.0,"Cameron Smith",2024,1,58.0
1442,"LIV Golf Adelaide","Cameron Smith","2024-04-24 19:02:35.310539","Thomas Davidson-park",0.0,"Marc Leishman",2024,1,116.0
1443,"LIV Golf Adelaide","Joaquín Niemann","2024-04-24 20:12:18.768362",FrazzyFraz,0.0,"Cameron Smith",2024,1,300.0
1444,"LIV Golf Adelaide","Cameron Smith","2024-04-24 20:19:54.450495",DK,0.0,"Bryson DeChambeau",2024,1,116.0
1445,"LIV Golf Adelaide","Cameron Smith","2024-04-24 21:34:17.729894",Gibber46,0.0,"Bryson DeChambeau",2024,1,116.0
1446,"LIV Golf Adelaide","Bryson DeChambeau","2024-04-24 22:29:39.044606","Jamil Rousseau",0.0,"Cameron Smith",2024,1,58.0
1447,"LIV Golf Adelaide","Bryson DeChambeau","2024-04-25 02:22:27.100971","Brady Irwin",0.0,"Joaquín Niemann",2024,1,58.0
1448,"LIV Golf Adelaide","Joaquín Niemann","2024-04-25 04:32:39.823964",Sohale,0.0,"Cameron Smith",2024,1,300.0
1449,"LIV Golf Adelaide","Tyrrell Hatton","2024-04-25 13:37:46.369499",lucas,0.0,"Cameron Smith",2024,1,116.0
1450,"LIV Golf Adelaide","Cameron Smith","2024-04-25 14:43:09.095193","Uncle Ricky ",0.0,"Tyrrell Hatton",2024,1,116.0
1451,"LIV Golf Adelaide","Joaquín Niemann","2024-04-25 16:28:09.443212",D-Money,0.0,"Cameron Smith",2024,1,300.0
1452,"LIV Golf Adelaide","Abraham Ancer","2024-04-25 23:50:35.583356",Andrew,0.0,"Joaquín Niemann",2024,1,168.0
1453,"LIV Golf Adelaide","Joaquín Niemann","2024-04-26 00:56:47.608769","Earl's Winnebago",0.0,"Cameron Smith",2024,1,300.0
1454,"THE CJ CUP Byron Nelson","Alex Noren","2024-04-30 18:52:53.940938",smk,655500.0,"Adam Scott",2024,1,190.0
1455,"THE CJ CUP Byron Nelson","Stephan Jaeger","2024-04-30 19:24:54.787225","Nick’s Price is Right ",112100.0,"Jason Day",2024,1,42.0
1457,"THE CJ CUP Byron Nelson","Tom Kim","2024-04-30 22:08:06.596463","Earl's Winnebago",22406.0,"Si Woo Kim",2024,1,6.0
1459,"THE CJ CUP Byron Nelson","Jon Rahm","2024-05-01 06:00:33.647377","Thomas Davidson-park",0.0,"Jon Rahm",2024,1,225.0
1460,"THE CJ CUP Byron Nelson","Beau Hossler","2024-05-01 11:56:22.337608",DK,22406.0,"Tom Kim",2024,1,6.0
1461,"THE CJ CUP Byron Nelson","Louis Oosthuizen","2024-05-01 14:25:55.739349",FrazzyFraz,0.0,"Louis Oosthuizen",2024,1,0.0
1462,"THE CJ CUP Byron Nelson","C.T. Pan","2024-05-01 15:38:21.404876","Nick's Dad is always Right",0.0,"Si Woo Kim",2024,1,0.0
1463,"THE CJ CUP Byron Nelson","Si Woo Kim","2024-05-01 16:02:36.969908","Jamil Rousseau",165232.0,"Tom Hoge",2024,1,53.0
1464,"THE CJ CUP Byron Nelson","Tom Hoge","2024-05-01 16:11:14.779922","Chris Karu",33725.0,"Jordan Spieth",2024,1,12.0
1465,"THE CJ CUP Byron Nelson","Mackenzie Hughes","2024-05-01 21:27:48.151996",lucas,33725.0,"Tom Hoge",2024,1,12.0
1466,"THE CJ CUP Byron Nelson","Tom Hoge","2024-05-01 23:26:26.792693",D-Money,33725.0,"Jordan Spieth",2024,1,12.0
1467,"THE CJ CUP Byron Nelson","Tom Kim","2024-05-02 05:15:09.854025",Sohale,22406.0,"Alex Noren",2024,1,6.0
1468,"THE CJ CUP Byron Nelson","Si Woo Kim","2024-05-02 11:33:36.202832","Brady Irwin",165232.0,"Tom Hoge",2024,1,53.0
1469,"THE CJ CUP Byron Nelson","Stephan Jaeger","2024-05-03 00:22:02.776669",Andrew,112100.0,"Jordan Spieth",2024,1,42.0
1470,"THE CJ CUP Byron Nelson","Si Woo Kim","2024-05-06 00:54:40.339815","Nick's Dad is always Right",165232.0,"Si Woo Kim",2024,1,53.0
1471,"Wells Fargo Championship","Will Zalatoris","2024-05-07 21:52:51.455616",Andrew,44200.0,"Rory McIlroy",2024,1,8.0
1472,"Wells Fargo Championship","Max Homa","2024-05-07 23:12:50.200750",FrazzyFraz,601000.0,"Collin Morikawa",2024,1,212.0
1473,"Wells Fargo Championship","Xander Schauffele","2024-05-08 01:01:30.399477","Thomas Davidson-park",2160000.0,"Will Zalatoris",2024,1,400.0
1474,"Wells Fargo Championship","Max Homa","2024-05-08 02:49:26.388710",DK,0.0,"Xander Schauffele",2024,0,212.0
1475,"Wells Fargo Championship","Collin Morikawa","2024-05-08 04:13:16.436125","Earl's Winnebago",301000.0,"Wyndham Clark",2024,1,109.0
1476,"Wells Fargo Championship","Rory McIlroy","2024-05-08 14:37:41.340883","Nick's Dad is always Right",3600000.0,"Wyndham Clark",2024,1,700.0
1477,"Wells Fargo Championship","Rory McIlroy","2024-05-08 15:57:10.316768","Chris Karu",3600000.0,"Sahith Theegala",2024,1,700.0
1478,"Wells Fargo Championship","Sahith Theegala","2024-05-08 16:25:53.078149",D-Money,47000.0,"Collin Morikawa",2024,1,12.0
1479,"Wells Fargo Championship","Rory McIlroy","2024-05-08 16:47:41.265870","Nick’s Price is Right ",7200000.0,"Cameron Young",2024,2,700.0
1480,"Wells Fargo Championship","Collin Morikawa","2024-05-08 17:32:16.970917",Backus,301000.0,"Si Woo Kim",2024,1,109.0
1481,"Wells Fargo Championship","Rory McIlroy","2024-05-08 20:12:11.661394",smk,3600000.0,"Jordan Spieth",2024,1,700.0
1482,"Wells Fargo Championship","Cameron Young","2024-05-08 20:28:17.012841",lucas,106000.0,"Jason Day",2024,1,30.0
1483,"Wells Fargo Championship","Wyndham Clark","2024-05-08 23:22:16.893701","Jamil Rousseau",53420.0,"Sam Burns",2024,1,16.0
1484,"Wells Fargo Championship","Rory McIlroy","2024-05-09 01:34:40.775315",Gibber46,3600000.0,"Will Zalatoris",2024,1,700.0
1485,"Wells Fargo Championship","Max Homa","2024-05-09 02:43:52.876158","Brady Irwin",601000.0,"Collin Morikawa",2024,1,212.0
1486,"Wells Fargo Championship","Wyndham Clark","2024-05-09 05:20:21.618345",Sohale,53420.0,"Justin Thomas",2024,1,16.0
1487,"Wells Fargo Championship","Xander Schauffele","2024-05-10 22:50:43.918626",DK,2160000.0,"Xander Schauffele",2024,1,400.0
1488,"PGA Championship","Bryson DeChambeau","2024-05-14 15:00:06.533793",lucas,1998000.0,"Hideki Matsuyama",2024,1,400.0
1489,"PGA Championship","Cameron Smith","2024-05-14 19:25:54.317661",smk,25202.0,"Brooks Koepka",2024,1,7.0
1490,"PGA Championship","Bryson DeChambeau","2024-05-14 22:05:23.302520",FrazzyFraz,1998000.0,"Brooks Koepka",2024,1,400.0
1491,"PGA Championship","Bryson DeChambeau","2024-05-14 22:43:45.274779","Earl's Winnebago",0.0,"Bryson DeChambeau",2024,0,0.0
1492,"PGA Championship","Xander Schauffele","2024-05-15 03:42:11.164257","Jamil Rousseau",3330000.0,"Tiger Woods",2024,1,750.0
1493,"PGA Championship","Scottie Scheffler","2024-05-15 04:05:39.492023","Uncle Ricky ",521418.0,"Cameron Young",2024,1,191.0
1494,"PGA Championship","Brooks Koepka","2024-05-15 14:10:13.371681",Sohale,113962.0,"Bryson DeChambeau",2024,1,50.0
1495,"PGA Championship","Brooks Koepka","2024-05-15 15:09:05.196607","Nick's Dad is always Right",113962.0,"Dean Burmester",2024,1,50.0
1496,"PGA Championship","Bryson DeChambeau","2024-05-15 15:24:57.106063",DK,1998000.0,"Brooks Koepka",2024,1,400.0
1497,"PGA Championship","Jon Rahm","2024-05-15 15:27:46.531508",Andrew,0.0,"Bryson DeChambeau",2024,1,0.0
1498,"PGA Championship","Scottie Scheffler","2024-05-15 16:16:35.831547","Chris Karu",521418.0,"Aaron Rai",2024,1,191.0
1499,"PGA Championship","Brooks Koepka","2024-05-15 16:29:24.932286","Thomas Davidson-park",113962.0,"Bryson DeChambeau",2024,1,50.0
1500,"PGA Championship","Rory McIlroy","2024-05-15 18:17:35.680090",Backus,359943.0,"Rickie Fowler",2024,1,132.0
1501,"PGA Championship","Jon Rahm","2024-05-15 21:08:56.019673",Gibber46,0.0,"Justin Thomas",2024,1,0.0
1502,"PGA Championship","Brooks Koepka","2024-05-16 04:11:26.804080",D-Money,113962.0,"Bryson DeChambeau",2024,1,50.0
1503,"PGA Championship","Rory McIlroy","2024-05-16 04:13:41.895072","Brady Irwin",359943.0,"Brooks Koepka",2024,1,132.0
1504,"PGA Championship","Sahith Theegala","2024-05-17 01:42:24.989662","Nick’s Price is Right ",359943.0,"Cameron Smith",2024,1,132.0
1505,"PGA Championship","Bryson DeChambeau","2024-05-18 07:05:43.197717","Earl's Winnebago",1998000.0,"Bryson DeChambeau",2024,1,400.0
1506,"Charles Schwab Challenge","Harris English","2024-05-21 18:25:15.566547","Jamil Rousseau",0.0,"Denny McCarthy",2024,1,2.0
1507,"Charles Schwab Challenge","Jordan Spieth","2024-05-21 18:36:53.822309",DK,38675.0,"Tom Kim",2024,1,16.0
1508,"Charles Schwab Challenge","Max Homa","2024-05-21 19:42:05.837672","Thomas Davidson-park",0.0,"Collin Morikawa",2024,1,0.0
1509,"Charles Schwab Challenge","Harris English","2024-05-22 01:41:13.437668","Nick’s Price is Right ",0.0,"Justin Rose",2024,1,2.0
1510,"Charles Schwab Challenge","Max Homa","2024-05-22 14:54:29.881138","Nick's Dad is always Right",0.0,"Harris English",2024,1,0.0
1511,"Charles Schwab Challenge","Tony Finau","2024-05-22 15:16:39.670905",Gibber46,120835.0,"Beau Hossler",2024,1,45.0
1512,"Charles Schwab Challenge","Max Homa","2024-05-22 15:57:52.907354","Chris Karu",0.0,"Brian Harman",2024,1,0.0
1513,"Charles Schwab Challenge","Justin Rose","2024-05-22 17:17:58.120935",Andrew,51961.0,"Collin Morikawa",2024,1,22.0
1514,"Charles Schwab Challenge","Tony Finau","2024-05-22 20:05:05.131499","Uncle Ricky ",120835.0,"Justin Rose",2024,1,45.0
1515,"Charles Schwab Challenge","Denny McCarthy","2024-05-22 20:15:01.428761",smk,70866.0,"Min Woo Lee",2024,1,32.0
1516,"Charles Schwab Challenge","Tony Finau","2024-05-22 22:04:31.111093",lucas,120835.0,"Aaron Rai",2024,1,45.0
1517,"Charles Schwab Challenge","Tony Finau","2024-05-23 06:05:07.073322",Sohale,120835.0,"Austin Eckroat",2024,1,45.0
1518,"Charles Schwab Challenge","Collin Morikawa","2024-05-23 11:44:26.132665","Brady Irwin",445900.0,"Tony Finau",2024,1,135.0
1519,"Charles Schwab Challenge","Tony Finau","2024-05-24 00:11:48.033904",FrazzyFraz,120835.0,"Collin Morikawa",2024,1,45.0
1520,"RBC Canadian Open","Cameron Young","2024-05-28 19:05:39.345091","Thomas Davidson-park",0.0,"Shane Lowry",2024,1,0.0
1521,"RBC Canadian Open","Shane Lowry","2024-05-28 19:14:32.918284","Nick’s Price is Right ",54755.0,"Cameron Young",2024,1,23.0
1522,"RBC Canadian Open","Tommy Fleetwood","2024-05-28 19:15:24.663593",Gibber46,106377.0,"Joel Dahmen",2024,1,41.0
1523,"RBC Canadian Open","Tommy Fleetwood","2024-05-28 19:21:50.610301",DK,106377.0,"Sam Burns",2024,1,41.0
1524,"RBC Canadian Open","Shane Lowry","2024-05-28 20:17:15.825302",FrazzyFraz,54755.0,"Mackenzie Hughes",2024,1,23.0
1525,"RBC Canadian Open","Tommy Fleetwood","2024-05-28 20:31:13.718531",lucas,106377.0,"Sahith Theegala",2024,1,41.0
1526,"RBC Canadian Open","Sam Burns","2024-05-29 02:37:31.891973","Earl's Winnebago",227950.0,"Akshay Bhatia",2024,1,68.0
1527,"RBC Canadian Open","Shane Lowry","2024-05-29 13:37:11.128644",smk,54755.0,"Corey Conners",2024,1,23.0
1528,"RBC Canadian Open","Corey Conners","2024-05-29 16:17:32.540229","Chris Karu",340750.0,"Maverick McNealy",2024,1,100.0
1529,"RBC Canadian Open","Akshay Bhatia","2024-05-29 18:58:07.372301","Uncle Ricky ",21056.0,"Alex Noren",2024,1,5.0
1530,"RBC Canadian Open","Alex Noren","2024-05-29 19:26:03.920901","Nick's Dad is always Right",0.0,"Sahith Theegala",2024,1,0.0
1531,"RBC Canadian Open","Shane Lowry","2024-05-29 20:31:27.215818",D-Money,54755.0,"Cameron Young",2024,1,23.0
1532,"RBC Canadian Open","Akshay Bhatia","2024-05-29 21:08:04.485852","Jamil Rousseau",21056.0,"Alex Noren",2024,1,5.0
1533,"RBC Canadian Open","Alex Noren","2024-05-30 02:29:22.495914","Brady Irwin",0.0,"Nick Taylor",2024,1,0.0
1534,"RBC Canadian Open","Sahith Theegala","2024-05-30 03:59:18.868184",Andrew,0.0,"Rory McIlroy",2024,1,0.0
1535,"RBC Canadian Open","Alex Noren","2024-05-30 05:08:01.646598",Sohale,0.0,"Mackenzie Hughes",2024,1,0.0
1536,"the Memorial Tournament pres. by Workday","Collin Morikawa","2024-06-04 19:58:16.681461",DK,2200000.0,"Shane Lowry",2024,1,400.0
1537,"the Memorial Tournament pres. by Workday","Collin Morikawa","2024-06-04 20:28:56.593895",FrazzyFraz,2200000.0,"Viktor Hovland",2024,1,400.0
1538,"the Memorial Tournament pres. by Workday","Ludvig Åberg","2024-06-05 01:31:54.379400","Nick’s Price is Right ",766667.0,"Wyndham Clark",2024,1,275.0
1539,"the Memorial Tournament pres. by Workday","Corey Conners","2024-06-05 01:40:00.043224","Thomas Davidson-park",259500.0,"Collin Morikawa",2024,1,96.0
1540,"the Memorial Tournament pres. by Workday","Collin Morikawa","2024-06-05 15:01:29.172423",smk,2200000.0,"Viktor Hovland",2024,1,400.0
1541,"the Memorial Tournament pres. by Workday","Justin Thomas","2024-06-05 16:40:36.827661","Chris Karu",106500.0,"Thomas Detry",2024,1,30.0
1542,"the Memorial Tournament pres. by Workday","Viktor Hovland","2024-06-05 16:54:33.207119",Backus,329000.0,"Adam Hadwin",2024,1,116.0
1543,"the Memorial Tournament pres. by Workday","Hideki Matsuyama","2024-06-05 19:09:51.304191",lucas,579000.0,"Will Zalatoris",2024,1,191.0
1544,"the Memorial Tournament pres. by Workday","Justin Thomas","2024-06-05 19:34:24.939235","Jamil Rousseau",106500.0,"Sahith Theegala",2024,1,30.0
1545,"the Memorial Tournament pres. by Workday","Collin Morikawa","2024-06-05 20:11:27.863905",Sohale,2200000.0,"Viktor Hovland",2024,1,400.0
1546,"the Memorial Tournament pres. by Workday","Denny McCarthy","2024-06-05 22:18:03.530908","Nick's Dad is always Right",88000.0,"Collin Morikawa",2024,1,24.0
1547,"the Memorial Tournament pres. by Workday","Viktor Hovland","2024-06-06 00:21:08.797725",Gibber46,329000.0,"Adam Hadwin",2024,1,116.0
1548,"the Memorial Tournament pres. by Workday","Viktor Hovland","2024-06-06 03:02:24.392157","Brady Irwin",329000.0,"Xander Schauffele",2024,1,116.0
1549,"the Memorial Tournament pres. by Workday","Viktor Hovland","2024-06-06 04:07:41.117088","Earl's Winnebago",329000.0,"Jason Day",2024,1,116.0
1550,"the Memorial Tournament pres. by Workday","Bryson DeChambeau","2024-06-06 14:45:58.602124",Andrew,4300000.0,"Joaquín Niemann",2024,1,750.0
1551,"the Memorial Tournament pres. by Workday","Jon Rahm","2024-06-07 04:33:32.237917",D-Money,0.0,"Bryson DeChambeau",2024,1,0.0
1553,"the Memorial Tournament pres. by Workday","Bryson DeChambeau","2024-06-09 23:57:57.095396",D-Money,4300000.0,"Bryson DeChambeau",2024,1,750.0
1554,"U.S. Open","Brooks Koepka","2024-06-11 15:49:21.357935",DK,0.0,"Justin Thomas",2024,0,58.0
1555,"U.S. Open","Collin Morikawa","2024-06-11 16:00:04.825133","Thomas Davidson-park",351370.0,"Viktor Hovland",2024,1,130.0
1556,"U.S. Open","Cameron Smith","2024-06-11 16:25:03.909453","Earl's Winnebago",110894.0,"Corey Conners",2024,1,27.0
1557,"U.S. Open","Tiger Woods","2024-06-11 16:37:24.519179",Gibber46,0.0,"Dustin Johnson",2024,1,0.0
1558,"U.S. Open","Brooks Koepka","2024-06-11 17:11:52.999801",smk,153281.0,"Will Zalatoris",2024,1,58.0
1559,"U.S. Open","Brooks Koepka","2024-06-11 17:22:53.301168",lucas,153281.0,"Cameron Smith",2024,1,58.0
1560,"U.S. Open","Cameron Smith","2024-06-11 18:05:25.884510","Nick’s Price is Right ",110894.0,"Tommy Fleetwood",2024,1,27.0
1561,"U.S. Open","Xander Schauffele","2024-06-11 22:20:54.921119","Uncle Ricky ",639289.0,"Bryson DeChambeau",2024,1,238.0
1562,"U.S. Open","Bryson DeChambeau","2024-06-11 22:49:07.853220",Backus,8600000.0,"Cameron Smith",2024,2,750.0
1563,"U.S. Open","Brooks Koepka","2024-06-12 05:33:15.619866",FrazzyFraz,153281.0,"Dustin Johnson",2024,1,58.0
1564,"U.S. Open","Bryson DeChambeau","2024-06-12 15:17:40.610438","Nick's Dad is always Right",8600000.0,"Tommy Fleetwood",2024,2,750.0
1565,"U.S. Open","Collin Morikawa","2024-06-12 20:45:50.273922","Chris Karu",351370.0,"Sepp Straka",2024,1,130.0
1566,"U.S. Open","Bryson DeChambeau","2024-06-12 21:25:09.379562",Sohale,4300000.0,"Cameron Smith",2024,1,750.0
1567,"U.S. Open","Will Zalatoris","2024-06-12 22:56:12.259402","Jamil Rousseau",0.0,"Tyrrell Hatton",2024,1,0.0
1568,"U.S. Open","Brooks Koepka","2024-06-13 02:22:50.031632","Brady Irwin",0.0,"Xander Schauffele",2024,0,58.0
1569,"U.S. Open","Collin Morikawa","2024-06-13 05:07:18.097909",D-Money,351370.0,"Xander Schauffele",2024,1,130.0
1570,"U.S. Open","Rory McIlroy","2024-06-14 00:20:11.212075",DK,2322000.0,"Tyrrell Hatton",2024,1,400.0
1571,"U.S. Open","Matthieu Pavon","2024-06-14 05:03:05.527052",Andrew,843765.0,"Sergio Garcia",2024,1,300.0
1572,"U.S. Open","Xander Schauffele","2024-06-15 02:48:41.533507","Brady Irwin",639289.0,"Xander Schauffele",2024,1,238.0
1573,"Travelers Championship","Sam Burns","2024-06-18 19:13:44.175409",DK,44750.0,"Brian Harman",2024,1,10.0
1574,"Travelers Championship","Patrick Cantlay","2024-06-18 20:56:43.399127","Nick’s Price is Right ",702500.0,"Justin Rose",2024,1,262.0
1575,"Travelers Championship","Jordan Spieth","2024-06-18 21:05:41.582989","Thomas Davidson-park",41500.0,"Viktor Hovland",2024,1,7.0
1576,"Travelers Championship","Xander Schauffele","2024-06-18 22:09:11.483920",lucas,400000.0,"Sahith Theegala",2024,1,141.0
1577,"Travelers Championship","Hideki Matsuyama","2024-06-19 05:31:31.716917",FrazzyFraz,183500.0,"Matthieu Pavon",2024,1,76.0
1578,"Travelers Championship","Collin Morikawa","2024-06-19 15:54:57.352403","Nick's Dad is always Right",400000.0,"Corey Conners",2024,1,141.0
1579,"Travelers Championship","Justin Thomas","2024-06-19 19:41:05.644676",smk,702500.0,"Justin Rose",2024,1,262.0
1580,"Travelers Championship","Hideki Matsuyama","2024-06-19 20:17:29.736001","Chris Karu",183500.0,"Tom Kim",2024,1,76.0
1581,"Travelers Championship","Ludvig Åberg","2024-06-20 00:34:56.261831",Gibber46,144000.0,"Adam Svensson",2024,1,56.0
1582,"Travelers Championship","Russell Henley","2024-06-20 02:54:29.110730","Brady Irwin",49286.0,"Keegan Bradley",2024,1,14.0
1583,"Travelers Championship","Patrick Cantlay","2024-06-20 05:14:26.288034",Sohale,702500.0,"Corey Conners",2024,1,262.0
1584,"Travelers Championship","Tony Finau","2024-06-20 05:30:39.920361",D-Money,702500.0,"Sam Burns",2024,1,262.0
1585,"Travelers Championship","Hideki Matsuyama","2024-06-20 06:36:37.123200",Andrew,183500.0,"Collin Morikawa",2024,1,76.0
1586,"Rocket Mortgage Classic","Kevin Kisner","2024-06-25 17:07:27.696078","Nick’s Price is Right ",0.0,"Aaron Rai",2024,1,0.0
1587,"Rocket Mortgage Classic","Cameron Young","2024-06-26 02:42:05.929939",DK,300150.0,"Tom Kim",2024,1,89.0
1588,"Rocket Mortgage Classic","Taylor Pendrith","2024-06-26 06:39:08.969954",FrazzyFraz,18768.0,"Akshay Bhatia",2024,1,3.0
1589,"Rocket Mortgage Classic","Robert MacIntyre","2024-06-26 17:14:10.271016",D-Money,0.0,"Cameron Young",2024,1,0.0
1590,"Rocket Mortgage Classic","Taylor Pendrith","2024-06-26 19:47:18.727040","Nick's Dad is always Right",18768.0,"Aaron Rai",2024,1,3.0
1591,"Rocket Mortgage Classic","Akshay Bhatia","2024-06-26 20:10:22.910140",smk,616400.0,"Will Zalatoris",2024,1,184.0
1592,"Rocket Mortgage Classic","Tom Kim","2024-06-27 00:00:20.816098","Chris Karu",0.0,"Stephan Jaeger",2024,1,2.0
1593,"Rocket Mortgage Classic","Tom Kim","2024-06-27 00:25:15.169713",Gibber46,0.0,"Akshay Bhatia",2024,1,2.0
1594,"Rocket Mortgage Classic","Akshay Bhatia","2024-06-27 02:02:10.232672","Brady Irwin",616400.0,"Cameron Young",2024,1,184.0
1595,"Rocket Mortgage Classic","Min Woo Lee","2024-06-27 02:54:51.717718",lucas,616400.0,"Ryan Fox",2024,1,184.0
1596,"Rocket Mortgage Classic","Robert MacIntyre","2024-06-27 04:37:15.199337",Andrew,0.0,"Maverick McNealy",2024,1,0.0
1597,"Rocket Mortgage Classic","Taylor Pendrith","2024-06-27 05:06:51.677991",Sohale,18768.0,"Will Zalatoris",2024,1,3.0
1598,"John Deere Classic","Nick Dunlap","2024-07-02 22:03:32.524557",FrazzyFraz,0.0,"Sepp Straka",2024,1,0.0
1599,"John Deere Classic","Denny McCarthy","2024-07-03 00:36:03.299764","Nick’s Price is Right ",252400.0,"Sungjae Im",2024,1,80.0
1600,"John Deere Classic","Nick Dunlap","2024-07-03 04:54:07.691667",DK,0.0,"Sungjae Im",2024,1,0.0
1601,"John Deere Classic","Denny McCarthy","2024-07-03 14:02:49.661702","Thomas Davidson-park",252400.0,"Sepp Straka",2024,1,80.0
1602,"John Deere Classic","Sungjae Im","2024-07-03 16:36:07.830758","Chris Karu",171600.0,"Aaron Rai",2024,1,58.0
1603,"John Deere Classic","Maverick McNealy","2024-07-03 19:27:03.013585","Uncle Ricky ",0.0,"Sungjae Im",2024,1,0.0
1604,"John Deere Classic","Sungjae Im","2024-07-03 21:07:56.490537",smk,171600.0,"Aaron Rai",2024,1,58.0
1605,"John Deere Classic","Denny McCarthy","2024-07-03 23:49:49.980611",lucas,252400.0,"Lucas Glover",2024,1,80.0
1606,"John Deere Classic","Adam Svensson","2024-07-04 00:51:12.692696",Gibber46,39200.0,"Brice Garnett",2024,1,18.0
1607,"John Deere Classic","Adam Svensson","2024-07-04 01:25:12.529008","Jamil Rousseau",39200.0,"Jake Knapp",2024,1,18.0
1608,"John Deere Classic","Davis Thompson","2024-07-04 03:05:53.040032","Brady Irwin",1440000.0,"Sungjae Im",2024,1,500.0
1609,"John Deere Classic","J.T. Poston","2024-07-04 03:38:43.698431","Nick's Dad is always Right",56000.0,"Adam Schenk",2024,1,27.0
1610,"John Deere Classic","Davis Thompson","2024-07-04 05:09:43.340609",Sohale,1440000.0,"Jordan Spieth",2024,1,500.0
1611,"Genesis Scottish Open","Tommy Fleetwood","2024-07-09 15:50:06.337244","Nick’s Price is Right ",56790.0,"Ryan Fox",2024,1,20.0
1612,"Genesis Scottish Open","Jon Rahm","2024-07-09 18:11:14.203402",smk,0.0,"Talor Gooch",2024,1,170.0
1613,"Genesis Scottish Open","Ryan Fox","2024-07-09 18:20:01.246326","Thomas Davidson-park",25110.0,"Robert MacIntyre",2024,1,5.0
1614,"Genesis Scottish Open","Ludvig Åberg","2024-07-09 18:44:38.744311",lucas,318525.0,"Collin Morikawa",2024,1,100.0
1615,"Genesis Scottish Open","Tom Kim","2024-07-09 22:14:35.049312",DK,130800.0,"Justin Thomas",2024,1,50.0
1616,"Genesis Scottish Open","Viktor Hovland","2024-07-10 06:48:25.722720",FrazzyFraz,31369.0,"Ludvig Åberg",2024,1,8.0
1617,"Genesis Scottish Open","Min Woo Lee","2024-07-10 18:08:40.364142",D-Money,18540.0,"Aaron Rai",2024,1,3.0
1618,"Genesis Scottish Open","Matt Fitzpatrick","2024-07-10 18:14:28.665164",Andrew,45450.0,"Aaron Rai",2024,1,14.0
1619,"Genesis Scottish Open","Aaron Rai","2024-07-10 19:04:50.774300","Nick's Dad is always Right",318525.0,"Davis Thompson",2024,1,100.0
1620,"Genesis Scottish Open","Xander Schauffele","2024-07-10 21:18:58.219476","Chris Karu",130800.0,"Byeong Hun An",2024,1,50.0
1621,"Genesis Scottish Open","Tommy Fleetwood","2024-07-11 01:59:18.233648","Brady Irwin",56790.0,"Tom Kim",2024,1,20.0
1622,"Genesis Scottish Open","Sergio Garcia","2024-07-11 04:42:20.805901",Sohale,0.0,"Jon Rahm",2024,1,700.0
1623,"Genesis Scottish Open","Aaron Rai","2024-07-11 12:01:15.686566",Gibber46,318525.0,"Robert MacIntyre",2024,1,100.0
1624,"Genesis Scottish Open","Brian Harman","2024-07-11 12:02:25.200302","Jamil Rousseau",97650.0,"Matthieu Pavon",2024,1,39.0
1625,"The Open","Tyrrell Hatton","2024-07-16 15:06:55.122890",Sohale,0.0,"Aaron Rai",2024,0,0.0
1626,"The Open","Tyrrell Hatton","2024-07-16 19:18:57.093795","Nick’s Price is Right ",0.0,"Jon Rahm",2024,1,0.0
1627,"The Open","Tyrrell Hatton","2024-07-16 23:01:11.682514",DK,0.0,"Justin Thomas",2024,1,0.0
1628,"The Open","Xander Schauffele","2024-07-17 01:56:16.172488",D-Money,6200000.0,"Cameron Smith",2024,2,750.0
1629,"The Open","Viktor Hovland","2024-07-17 02:15:22.677040",lucas,0.0,"Tom Kim",2024,1,0.0
1630,"The Open","Tyrrell Hatton","2024-07-17 07:21:14.264760",FrazzyFraz,0.0,"Cameron Smith",2024,1,0.0
1631,"The Open","Ludvig Åberg","2024-07-17 13:47:09.785548","Jamil Rousseau",0.0,"Cameron Smith",2024,1,0.0
1632,"The Open","Rory McIlroy","2024-07-17 17:23:58.732144",Andrew,0.0,"Cameron Smith",2024,1,0.0
1633,"The Open","Shane Lowry","2024-07-17 17:48:18.884467","Nick's Dad is always Right",611000.0,"Dean Burmester",2024,1,275.0
1634,"The Open","Joaquín Niemann","2024-07-17 19:59:26.397763",Gibber46,42150.0,"Phil Mickelson",2024,1,9.0
1635,"The Open","Jon Rahm","2024-07-17 20:40:27.707455","Brady Irwin",451833.0,"Aaron Rai",2024,1,225.0
1636,"The Open","Bryson DeChambeau","2024-07-18 02:48:10.674406","Chris Karu",0.0,"Henrik Stenson",2024,1,0.0
1637,"The Open","Robert MacIntyre","2024-07-18 05:22:46.095719","Thomas Davidson-park",45238.0,"Bryson DeChambeau",2024,1,11.0
1638,"The Open","Matt Fitzpatrick","2024-07-19 00:30:54.000234",smk,45238.0,"Daniel Brown",2024,1,11.0
1639,"The Open","Justin Thomas","2024-07-19 04:58:23.056186",Sohale,90220.0,"Corey Conners",2024,1,29.0
1640,"3M Open","Jon Rahm","2024-07-23 18:45:33.483237","Nick’s Price is Right ",-1.0,"Dean Burmester",2024,1,700.0
1641,"3M Open","Akshay Bhatia","2024-07-23 22:43:42.108868",FrazzyFraz,17415.0,"Jake Knapp",2024,1,4.0
1642,"3M Open","Akshay Bhatia","2024-07-23 23:14:44.305182",DK,17415.0,"Cam Davis",2024,1,4.0
1643,"3M Open","Cam Davis","2024-07-24 00:01:57.813850",smk,99549.0,"Erik van Rooyen",2024,1,43.0
1644,"3M Open","Luke Clanton","2024-07-24 01:54:33.168955","Jamil Rousseau",0.0,"Sam Burns",2024,1,0.0
1645,"3M Open","Luke Clanton","2024-07-24 14:22:52.833917",lucas,0.0,"Sahith Theegala",2024,0,0.0
1646,"3M Open","Tony Finau","2024-07-24 16:16:35.734073","Chris Karu",151296.0,"Sam Burns",2024,1,56.0
1647,"3M Open","Cam Davis","2024-07-25 00:40:14.097765",Gibber46,99549.0,"Adam Hadwin",2024,1,43.0
1648,"3M Open","Tony Finau","2024-07-25 02:22:16.275608","Brady Irwin",151296.0,"Billy Horschel",2024,1,56.0
1649,"3M Open","Aaron Baddeley","2024-07-25 03:06:28.487330","Nick's Dad is always Right",18981.0,"Aaron Baddeley",2024,1,6.0
1650,"3M Open","Luke Clanton","2024-07-25 05:48:09.308610",Sohale,0.0,"Sam Burns",2024,1,0.0
1651,"3M Open","Erik van Rooyen","2024-07-25 07:00:19.751867",Andrew,0.0,"Billy Horschel",2024,1,0.0
1652,"3M Open","Mackenzie Hughes","2024-07-26 02:38:46.514918",D-Money,99549.0,"Gary Woodland",2024,1,43.0
1653,"3M Open","Sahith Theegala","2024-07-26 23:32:24.028329",lucas,273375.0,"Sahith Theegala",2024,1,92.0
